Name,Pos,Year,Tm,First4AV,College,HOF,Class,Height (in),Weight (lbs),Hand Size (in),Arm Length (in),Wonderlic,40 Yard,Bench Press,Vert Leap (in),Broad Jump (in),Shuttle,3Cone,60Yd Shuttle
Patrick Willis,LB,2007,SFO,79,Mississippi,N,Top,73.1,242,9.75,34.0,,4.53,22.0,39.0,119.0,4.46,7.23,11.9
Ray Lewis,LB,1996,BAL,74,Miami (FL),Y,Top,72.4,235,9.38,34.13,,,,,,,,
Derrick Thomas,LB,1989,KAN,72,Alabama,Y,Top,74.5,234,,,,4.58,,,,,,
Derrick Brooks,LB,1995,TAM,65,Florida State,Y,Top,72.3,229,10.75,32.5,,4.71,,,,,,
DeMarcus Ware,LB,2005,DAL,64,Troy,N,Top,76.0,251,10.0,33.25,,4.6,27.0,38.5,122.0,4.07,6.83,10.93
Zach Thomas,LB,1996,MIA,64,Texas Tech,N,Top,71.0,233,9.25,30.63,,4.85,20.0,28.5,104.0,4.24,,11.91
Von Miller,LB,2011,DEN,63,Texas A&M,N,Top,74.63,246,9.25,33.5,,4.42,21.0,37.0,126.0,4.06,6.7,11.15
Lance Briggs,LB,2003,CHI,61,Arizona,N,Top,72.6,242,9.5,31.0,,4.78,25.0,33.0,113.0,,,
Brian Urlacher,LB,2000,CHI,60,New Mexico,Y,Top,75.9,258,9.88,33.0,,4.61,27.0,34.0,122.0,4.18,6.94,11.1
Luke Kuechly,LB,2012,CAR,57,Boston College,N,Top,75.25,242,9.75,31.0,,4.58,27.0,38.0,123.0,4.12,6.92,11.43
Clay Matthews,LB,2009,GNB,56,USC,N,Top,75.13,240,,,27.0,4.62,23.0,35.5,121.0,4.18,6.9,
David Harris,LB,2007,NYJ,54,Michigan,N,Top,74.25,243,9.13,32.88,,4.6,23.0,33.0,107.0,4.29,7.25,
Randall Godfrey,LB,1996,DAL,52,Georgia,N,Top,73.9,237,9.63,32.63,,,22.0,34.0,112.0,,,
Justin Houston,LB,2011,KAN,50,Georgia,N,Top,74.88,270,10.88,34.5,,4.62,30.0,36.5,125.0,4.37,6.95,11.46
Bryan Cox,LB,1991,MIA,50,Western Illinois,N,Top,75.3,235,9.5,31.5,,5.0,9.0,27.5,112.0,4.47,,12.51
Bobby Wagner,LB,2012,SEA,49,Utah State,N,Mid,73.0,241,,,,4.46,,,,,,
Jon Beason,LB,2007,CAR,49,Miami (FL),N,Mid,72.25,237,9.5,33.5,,4.76,19.0,,111.0,,,
Dexter Coakley,LB,1997,DAL,49,Appalachian State,N,Mid,69.6,215,9.75,32.5,,4.52,21.0,38.0,125.0,4.21,7.48,11.52
Kevin Hardy,LB,1996,JAX,49,Illinois,N,Mid,76.4,245,9.88,32.63,,4.81,16.0,32.0,119.0,4.04,,11.39
Chris Spielman,LB,1988,DET,48,Ohio State,N,Mid,72.0,234,9.25,,,4.9,23.0,32.5,109.0,4.13,,11.97
Jerod Mayo,LB,2008,NWE,46,Tennessee,N,Mid,73.25,242,9.25,32.88,,4.59,,32.0,114.0,4.29,7.31,11.89
Lofa Tatupu,LB,2005,SEA,46,USC,N,Mid,71.9,238,10.0,31.63,,4.84,23.0,35.0,113.0,4.16,7.31,
Nick Barnett,LB,2003,GNB,45,Oregon State,N,Mid,73.6,236,9.38,31.88,,4.69,32.0,34.5,123.0,4.07,6.97,11.23
Keith Bulluck,LB,2000,TEN,45,Syracuse,N,Mid,75.0,244,10.75,33.5,,4.47,,38.0,119.0,4.13,7.33,11.41
Al Wilson,LB,1999,DEN,44,Tennessee,N,Mid,71.8,239,8.75,31.5,,4.56,17.0,33.0,116.0,4.25,7.31,
James Laurinaitis,LB,2009,STL,43,Ohio State,N,Mid,73.88,244,,,,4.76,22.0,33.0,115.0,4.24,6.93,
Chad Greenway,LB,2006,MIN,43,Iowa,N,Mid,74.5,242,9.13,31.25,,4.8,16.0,33.5,117.0,4.22,7.0,11.4
Joey Porter,LB,1999,PIT,43,Colorado State,N,Mid,74.5,241,9.75,32.75,,4.68,27.0,39.0,122.0,4.41,7.37,12.11
Jamie Sharper,LB,1997,BAL,43,Virginia,N,Mid,74.9,240,9.25,32.88,,4.67,19.0,36.5,116.0,4.24,7.57,11.85
Levon Kirkland,LB,1992,PIT,43,Clemson,N,Mid,72.4,240,8.5,32.5,,4.92,20.0,32.5,116.0,4.13,,11.59
William Thomas,LB,1991,PHI,42,Texas A&M,N,Mid,74.5,207,10.5,32.5,,4.84,,33.5,115.0,4.03,,11.76
Donnie Edwards,LB,1996,KAN,41,UCLA,N,Mid,73.9,224,9.63,33.25,,4.78,17.0,30.0,114.0,4.54,,11.91
Daryl Smith,LB,2004,JAX,40,Georgia Tech,N,Mid,73.6,234,9.75,33.13,,4.67,24.0,,,,,
Curtis Lofton,LB,2008,ATL,39,Oklahoma,N,Mid,72.0,246,9.5,31.63,,4.85,23.0,24.5,105.0,4.56,7.69,
Will Witherspoon,LB,2002,CAR,39,Georgia,N,Mid,73.5,231,9.0,32.0,,4.63,25.0,38.0,120.0,4.21,7.09,11.56
Andre Collins,LB,1990,WAS,39,Penn State,N,Mid,73.5,224,10.38,31.38,,4.76,,34.5,116.0,4.33,,11.27
Lavonte David,LB,2012,TAM,38,Nebraska,N,Mid,72.63,233,8.75,31.75,,4.57,19.0,36.5,119.0,4.22,7.28,
Daryl Washington,LB,2010,ARI,38,TCU,N,Mid,73.75,230,,,,4.58,17.0,31.0,114.0,,,
Chad Brown,LB,1993,PIT,38,Colorado,N,Mid,74.5,236,10.5,32.88,,4.85,,33.0,117.0,4.15,,11.26
Rey Maualuga,LB,2009,CIN,37,USC,N,Mid,73.75,249,,,15.0,4.78,23.0,,107.0,,,
Kirk Morrison,LB,2005,OAK,37,San Diego State,N,Mid,73.0,235,9.25,31.5,,4.69,25.0,,,4.31,,
Kendrell Bell,LB,2001,PIT,37,Georgia,N,Mid,73.3,234,10.5,32.0,,4.62,24.0,38.5,124.0,4.5,7.25,11.61
Dwayne Rudd,LB,1997,MIN,37,Alabama,N,Mid,73.9,242,9.38,34.5,,4.65,29.0,39.5,115.0,4.23,7.21,11.43
Earl Holmes,LB,1996,PIT,37,Florida A&M,N,Mid,73.5,238,10.25,33.13,,4.85,23.0,31.0,108.0,4.47,,11.89
Winfred Tubbs,LB,1994,NOR,37,Texas,N,Mid,75.9,250,8.0,33.5,,,,,,,,
Johnny Holland,LB,1987,GNB,37,Texas A&M,N,Mid,73.8,226,10.25,33.0,,4.76,16.0,33.5,124.0,4.36,,11.89
Brian Cushing,LB,2009,HOU,36,USC,N,Mid,74.88,243,,,23.0,4.64,30.0,35.0,120.0,4.22,6.84,
DeMeco Ryans,LB,2006,HOU,36,Alabama,N,Mid,73.25,236,8.63,31.38,,4.67,23.0,39.0,129.0,4.17,7.19,12.08
Takeo Spikes,LB,1998,CIN,36,Auburn,N,Mid,72.9,234,9.75,32.75,,,27.0,37.0,124.0,4.14,7.84,11.56
Sam Cowart,LB,1998,BUF,36,Florida State,N,Mid,72.9,246,9.13,33.0,,,,30.5,112.0,4.28,7.84,11.94
Derrick Rodgers,LB,1997,MIA,36,Arizona State,N,Mid,73.1,223,8.88,33.38,,4.78,21.0,36.5,121.0,4.45,7.67,11.84
Marcus Washington,LB,2000,IND,35,Auburn,N,Mid,75.3,252,9.0,32.0,,4.7,,35.0,118.0,4.49,6.91,11.44
Chris Claiborne,LB,1999,DET,35,USC,N,Mid,74.4,248,8.63,31.63,,4.63,16.0,34.0,115.0,4.37,7.68,11.93
Lawrence Timmons,LB,2007,PIT,34,Florida State,N,Mid,72.9,234,9.25,33.0,,4.67,25.0,35.0,123.0,4.32,6.89,11.78
Akin Ayodele,LB,2002,JAX,34,Purdue,N,Mid,74.1,257,9.75,32.5,,4.86,26.0,35.0,119.0,4.12,7.0,11.56
Mike Peterson,LB,1999,IND,34,Florida,N,Mid,73.5,233,9.13,31.25,,4.47,18.0,36.0,118.0,4.08,7.07,
Eddie Robinson,LB,1992,HOU,34,Alabama State,N,Mid,73.3,239,9.13,33.0,,4.91,24.0,30.5,112.0,4.52,,12.31
Bill Romanowski,LB,1988,SFO,34,Boston College,N,Mid,75.5,231,9.25,,,4.76,,31.5,111.0,4.25,,11.45
Al Smith,LB,1987,HOU,34,Utah State,N,Mid,72.3,228,8.75,31.25,,4.66,24.0,26.0,111.0,4.5,,12.58
DeAndre Levy,LB,2009,DET,33,Wisconsin,N,Mid,73.75,236,,,,4.56,19.0,,119.0,,,
Keith Brooking,LB,1998,ATL,33,Georgia Tech,N,Mid,74.4,244,10.13,32.38,,,24.0,,,,,
Mark Fields,LB,1995,NOR,33,Washington State,N,Mid,73.9,244,9.5,31.88,,4.54,,38.0,125.0,4.41,,
Brian Williams,LB,1995,GNB,33,USC,N,Mid,73.4,238,10.0,32.13,,4.79,17.0,33.5,118.0,4.3,,11.65
Mike Croel,LB,1991,DEN,33,Nebraska,N,Mid,74.5,231,8.75,32.5,,4.6,,36.5,121.0,4.22,,11.79
Barrett Ruud,LB,2005,TAM,32,Nebraska,N,Mid,74.5,241,9.25,30.63,,4.76,25.0,34.5,108.0,3.94,7.22,11.77
Ben Leber,LB,2002,SDG,32,Kansas State,N,Mid,75.0,244,,,,4.62,20.0,32.5,114.0,4.25,6.75,
Dhani Jones,LB,2000,NYG,32,Michigan,N,Mid,73.1,240,10.0,32.25,,4.69,29.0,,,,,
James Francis,LB,1990,CIN,32,Baylor,N,Mid,76.4,243,9.63,32.75,,4.79,12.0,34.0,115.0,4.23,,11.73
Eric Hill,LB,1989,PHO,32,LSU,N,Mid,73.4,249,,,,4.79,20.0,35.0,123.0,4.35,,11.68
Demario Davis,LB,2012,NYJ,31,Arkansas State,N,Mid,74.0,235,9.0,32.0,,4.49,32.0,38.5,124.0,4.28,7.19,11.65
Paul Posluszny,LB,2007,BUF,31,Penn State,N,Mid,73.63,238,9.5,33.75,,4.71,22.0,37.0,116.0,4.2,6.94,11.42
Derrick Johnson,LB,2005,KAN,31,Texas,N,Mid,75.3,242,9.25,32.25,,4.54,,37.5,120.0,3.87,7.2,
Kawika Mitchell,LB,2003,KAN,31,South Florida,N,Mid,73.0,253,,,,4.69,25.0,37.0,117.0,4.24,7.32,
Andra Davis,LB,2002,CLE,31,Florida,N,Mid,72.9,244,10.0,33.5,,4.77,20.0,31.5,106.0,,,
Ted Johnson,LB,1995,NWE,31,Colorado,N,Mid,75.4,248,9.25,32.5,,4.84,28.0,31.5,121.0,4.35,,11.85
Rob Fredrickson,LB,1994,RAI,31,Michigan State,N,Mid,75.5,242,10.0,32.0,,4.69,,35.0,118.0,3.93,,11.6
Roman Phifer,LB,1991,RAM,31,UCLA,N,Mid,73.9,227,8.75,33.5,,4.71,19.0,36.5,120.0,4.31,,11.51
Byron Evans,LB,1987,PHI,31,Arizona,N,Mid,74.0,220,9.5,32.75,,4.79,17.0,29.5,117.0,4.48,,11.94
Akeem Ayers,LB,2011,TEN,30,UCLA,N,Mid,74.5,254,9.0,33.0,,4.81,18.0,31.0,116.0,4.28,7.49,11.93
Donald Butler,LB,2010,SDG,30,Washington,N,Mid,73.13,245,,,,4.62,35.0,,,,,
Michael Boley,LB,2005,ATL,30,Southern Mississippi,N,Mid,74.8,236,9.25,32.88,,4.62,,34.0,110.0,4.12,7.08,11.51
Larry Foote,LB,2002,PIT,30,Michigan,N,Mid,72.9,231,9.25,30.5,,4.85,24.0,30.0,,4.41,7.18,
Scott Fujita,LB,2002,KAN,30,California,N,Mid,77.5,248,10.0,33.0,,4.63,20.0,42.0,122.0,4.21,7.09,11.44
Dat Nguyen,LB,1999,DAL,30,Texas A&M,N,Mid,71.0,234,10.5,30.5,,4.74,19.0,,,,,
Stephen Boyd,LB,1995,DET,30,Boston College,N,Mid,72.9,240,8.63,29.5,,4.88,26.0,32.0,113.0,4.12,,11.97
Winston Moss,LB,1987,TAM,30,Miami (FL),N,Mid,75.3,235,9.25,31.5,,4.69,16.0,30.0,111.0,4.36,,11.62
Brooks Reed,LB,2011,HOU,29,Arizona,N,Mid,74.5,263,10.0,32.25,,4.65,30.0,30.5,113.0,4.28,7.11,
Koa Misi,LB,2010,MIA,29,Utah,N,Mid,74.63,251,,,,4.75,,38.0,127.0,4.27,7.07,
Thomas Howard,LB,2006,OAK,29,Texas-El Paso,N,Mid,75.25,239,10.25,32.5,,4.46,21.0,39.0,124.0,4.28,6.96,11.22
Morlon Greenwood,LB,2001,MIA,29,Syracuse,N,Mid,72.4,237,10.5,31.0,,4.61,21.0,33.5,112.0,4.08,7.62,11.78
Anthony Simmons,LB,1998,SEA,29,Clemson,N,Mid,72.1,231,9.88,32.75,,,22.0,34.5,127.0,3.97,7.35,11.41
Darren Hambrick,LB,1998,DAL,29,South Carolina,N,Mid,73.9,216,10.0,33.63,,,,,,,,
Carlos Jenkins,LB,1991,MIN,29,Michigan State,N,Mid,75.4,222,10.13,32.5,,4.64,18.0,37.5,126.0,4.49,,12.2
Ken Norton,LB,1988,DAL,29,UCLA,N,Mid,73.8,230,8.5,,,4.56,21.0,32.0,114.0,4.37,,11.68
Dont'a Hightower,LB,2012,NWE,28,Alabama,N,Mid,74.25,265,9.75,32.63,,4.62,,32.0,,,,
Cliff Avril,LB,2008,DET,28,Purdue,N,Mid,74.88,253,9.75,34.63,,4.63,27.0,32.5,117.0,4.51,6.9,
Pisa Tinoisamoa,LB,2003,STL,28,Hawaii,N,Mid,72.4,231,9.88,30.88,,4.69,19.0,34.5,111.0,4.07,6.95,11.41
Victor Hobson,LB,2003,NYJ,28,Michigan,N,Mid,72.5,252,10.0,32.5,,4.88,29.0,33.0,117.0,4.32,7.25,11.5
Bradie James,LB,2003,DAL,28,LSU,N,Mid,74.4,242,9.5,32.25,,4.71,,32.5,113.0,4.52,7.53,11.96
Allen Aldridge,LB,1994,DEN,28,Houston,N,Mid,73.3,245,10.25,31.75,,4.61,28.0,36.5,121.0,4.35,,12.5
Darrin Smith,LB,1993,DAL,28,Miami (FL),N,Mid,72.5,228,9.75,32.13,,4.55,22.0,39.0,125.0,4.26,,11.57
Quentin Coryatt,LB,1992,IND,28,Texas A&M,N,Mid,75.1,237,9.38,31.0,,4.7,24.0,,,,,
Bryce Paup,LB,1990,GNB,28,Northern Iowa,N,Mid,76.1,238,10.13,31.0,,5.04,18.0,31.0,115.0,4.17,,11.48
Ernie Sims,LB,2006,DET,27,Florida State,N,Mid,71.13,231,9.25,30.75,,4.56,25.0,41.0,125.0,4.22,7.31,11.62
Demorrio Williams,LB,2004,ATL,27,Nebraska,N,Mid,72.8,232,8.25,32.63,,4.54,16.0,37.0,125.0,4.11,7.02,11.2
David Thornton,LB,2002,IND,27,North Carolina,N,Mid,73.9,236,9.0,33.5,,4.66,26.0,35.5,116.0,4.09,6.93,11.5
Warrick Holdman,LB,1999,CHI,27,Texas A&M,N,Mid,74.0,233,,,,4.69,16.0,35.0,123.0,4.06,7.22,
Wali Rainer,LB,1999,CLE,27,Virginia,N,Mid,73.8,241,10.13,32.25,,4.91,26.0,32.0,111.0,4.33,7.83,
Jason Gildon,LB,1994,PIT,27,Oklahoma State,N,Mid,75.3,235,9.5,33.5,,4.9,18.0,36.0,116.0,4.4,,
Chris Slade,LB,1993,NWE,27,Virginia,N,Mid,76.0,234,9.0,33.25,,4.74,19.0,30.5,121.0,4.6,,
Broderick Thomas,LB,1989,TAM,27,Nebraska,N,Mid,74.3,253,,,,4.61,,,,,,
Ken Harvey,LB,1988,PHO,27,California,N,Mid,74.0,226,9.0,,,4.61,25.0,37.5,126.0,4.26,,11.33
Jamie Collins,LB,2013,NWE,26,Southern Mississippi,N,Mid,75.5,250,9.75,33.68,17.0,4.64,19.0,41.5,139.0,4.32,7.1,11.55
Mason Foster,LB,2011,TAM,26,Washington,N,Mid,73.25,245,9.63,31.0,,4.75,22.0,31.0,110.0,4.45,7.14,12.26
Justin Durant,LB,2007,JAX,26,Hampton,N,Mid,72.88,230,10.25,33.5,,4.55,25.0,36.0,121.0,4.09,6.77,11.44
Stephen Tulloch,LB,2006,TEN,26,North Carolina State,N,Mid,70.75,241,9.5,30.75,,4.93,27.0,33.5,113.0,4.15,7.19,12.07
Napoleon Harris,LB,2002,OAK,26,Northwestern,N,Mid,74.9,253,10.0,32.0,,4.57,27.0,34.0,110.0,4.44,7.15,11.8
Matt Stewart,LB,2001,ATL,26,Vanderbilt,N,Mid,75.6,236,10.0,31.5,,4.75,23.0,37.0,117.0,4.2,7.08,11.15
Dwight Hollier,LB,1992,MIA,26,North Carolina,N,Mid,74.0,242,9.38,33.0,,,13.0,,,,,
Corey Miller,LB,1991,NYG,26,South Carolina,N,Mid,73.6,252,10.0,34.0,,,26.0,,,,,
Mychal Kendricks,LB,2012,PHI,25,California,N,Mid,71.13,239,,31.63,,4.44,24.0,39.5,127.0,4.19,,
Perry Riley,LB,2010,WAS,25,LSU,N,Mid,73.0,239,,,,4.69,,35.5,119.0,4.25,6.97,
Landon Johnson,LB,2004,CIN,25,Purdue,N,Mid,74.0,223,,,,4.65,20.0,37.5,120.0,4.08,7.01,
Ian Gold,LB,2000,DEN,25,Michigan,N,Mid,73.1,221,9.88,31.5,,4.58,21.0,33.0,115.0,4.19,6.97,11.5
Jeff Ulbrich,LB,2000,SFO,25,Hawaii,N,Mid,72.4,249,9.75,31.0,,4.7,24.0,32.0,109.0,4.3,7.23,11.63
Jay Foreman,LB,1999,BUF,25,Nebraska,N,Mid,73.3,241,9.5,31.75,,4.68,20.0,36.0,117.0,4.16,7.2,11.49
Brian Simmons,LB,1998,CIN,25,North Carolina,N,Mid,74.9,238,9.13,32.13,,4.62,,30.0,117.0,4.31,7.47,11.84
Henri Crockett,LB,1997,ATL,25,Florida State,N,Mid,74.1,249,10.0,33.0,,,17.0,34.5,111.0,4.46,7.54,11.97
Jamir Miller,LB,1994,ARI,25,UCLA,N,Mid,76.0,226,9.5,34.0,,,,,,,,
Sam Rogers,LB,1994,BUF,25,Colorado,N,Mid,74.3,249,8.88,33.88,,,16.0,,,,,
Steve Tovar,LB,1993,CIN,25,Ohio State,N,Mid,75.4,244,10.38,34.0,,4.68,22.0,33.5,123.0,4.18,,11.49
Dixon Edwards,LB,1991,DAL,25,Michigan State,N,Mid,72.6,220,9.5,32.0,,,17.0,,,,,
Bobby Houston,LB,1990,GNB,25,North Carolina State,N,Mid,73.4,230,10.38,31.25,,4.5,19.0,31.5,117.0,4.31,,11.66
Brandon Spikes,LB,2010,NWE,24,Florida,N,Mid,74.88,249,,,,5.05,,29.0,111.0,,6.97,
D'Qwell Jackson,LB,2006,CLE,24,Maryland,N,Mid,72.5,230,9.13,30.75,,4.77,19.0,37.0,116.0,4.36,7.05,11.89
Jamie Duncan,LB,1998,TAM,24,Vanderbilt,N,Mid,72.1,244,9.5,32.13,,,23.0,,,,,
Wayne Simmons,LB,1993,GNB,24,Clemson,N,Mid,73.9,236,9.75,33.5,,4.65,22.0,34.0,115.0,4.16,,11.61
David Griggs,LB,1989,NOR,24,Virginia,N,Mid,75.3,242,,,,5.11,19.0,,,,,
Rolando McClain,LB,2010,OAK,23,Alabama,N,Mid,76.0,249,9.38,33.0,,4.68,24.0,,,,,
Geno Hayes,LB,2008,TAM,23,Florida State,N,Mid,72.88,226,10.0,32.13,,4.67,22.0,26.5,116.0,4.48,7.22,12.27
Clint Ingram,LB,2006,JAX,23,Oklahoma,N,Mid,73.75,244,9.88,32.0,,4.65,22.0,41.0,,4.1,7.12,
Omar Gaither,LB,2006,PHI,23,Tennessee,N,Mid,73.0,234,9.5,31.38,,4.8,23.0,37.0,116.0,4.28,7.31,12.19
Rob Morris,LB,2000,IND,23,BYU,N,Mid,73.9,250,8.25,29.5,,4.77,18.0,33.0,113.0,4.17,6.93,11.74
James Farrior,LB,1997,NYJ,23,Virginia,N,Mid,73.8,234,9.25,32.63,,,22.0,35.5,120.0,4.4,7.62,11.84
Jerrol Williams,LB,1989,PIT,23,Purdue,N,Mid,76.3,230,,,,,,,,,,
Hardy Nickerson,LB,1987,PIT,23,California,N,Mid,73.5,223,9.5,30.5,,4.82,19.0,28.0,108.0,4.15,,11.46
Sean Weatherspoon,LB,2010,ATL,22,Missouri,N,Mid,73.25,239,10.25,31.25,,4.62,34.0,40.0,123.0,4.38,6.99,11.59
Moise Fokou,LB,2009,PHI,22,Maryland,N,Mid,73.13,233,,,,4.65,12.0,31.0,121.0,4.28,7.09,11.41
Boss Bailey,LB,2003,DET,22,Georgia,N,Mid,75.1,233,9.75,32.5,,4.58,,42.0,135.0,,,
Barrett Green,LB,2000,DET,22,West Virginia,N,Mid,73.0,233,,,,4.56,22.0,36.0,120.0,,,
Danny Clark,LB,2000,JAX,22,Illinois,N,Mid,74.1,245,10.5,33.0,,4.77,20.0,,,,,
Greg Biekert,LB,1993,RAI,22,Colorado,N,Mid,74.5,231,10.25,31.13,,4.89,20.0,30.5,109.0,4.29,,11.99
Anthony Davis,LB,1992,HOU,22,Utah,N,Mid,72.4,231,9.88,32.25,,4.7,,35.5,121.0,4.4,,11.77
Khalil Mack,LB,2014,OAK,21,Buffalo,N,Mid,74.63,251,10.25,33.25,,4.65,23.0,40.0,127.0,4.18,7.08,
Danny Trevathan,LB,2012,DEN,21,Kentucky,N,Mid,72.25,237,9.5,32.5,,4.75,18.0,31.5,111.0,,,
Desmond Bishop,LB,2007,GNB,21,California,N,Mid,73.88,239,9.75,32.75,,4.8,33.0,,,,,
Brandon Chillar,LB,2004,STL,21,UCLA,N,Mid,74.9,253,9.25,32.75,,4.75,23.0,33.0,115.0,4.08,,11.08
Mark Simoneau,LB,2000,ATL,21,Kansas State,N,Mid,72.0,237,8.88,30.75,,4.63,24.0,36.0,117.0,4.09,7.08,11.21
Keith Newman,LB,1999,BUF,21,North Carolina,N,Mid,74.5,239,9.38,30.25,,4.73,18.0,32.0,110.0,4.37,7.54,11.91
Ryan Phillips,LB,1997,NYG,21,Idaho,N,Mid,75.9,251,10.13,33.0,,,21.0,32.0,115.0,4.11,7.44,11.51
Joe Bowden,LB,1992,HOU,21,Oklahoma,N,Mid,71.5,227,8.13,31.0,,,19.0,,,,,
Steve Grant,LB,1992,IND,21,West Virginia,N,Mid,72.6,227,9.13,33.63,,4.98,17.0,32.0,123.0,4.27,,11.73
Alec Ogletree,LB,2013,STL,20,Georgia,N,Mid,74.5,242,10.0,33.48,16.0,4.7,20.0,33.5,122.0,4.39,7.16,
Kelvin Sheppard,LB,2011,BUF,20,LSU,N,Mid,73.88,250,9.63,31.75,,4.64,22.0,33.5,110.0,4.28,,
Kavell Conner,LB,2010,IND,20,Clemson,N,Mid,72.5,242,9.5,32.75,,4.59,24.0,33.5,110.0,4.6,7.36,
Keith Ellison,LB,2006,BUF,20,Oregon State,N,Mid,73.5,235,9.5,30.38,,4.83,24.0,32.5,115.0,4.16,7.22,11.84
Angelo Crowell,LB,2003,BUF,20,Virginia,N,Mid,72.4,236,10.13,30.63,,4.71,25.0,32.5,,4.26,7.07,
Scott Shanle,LB,2003,STL,20,Nebraska,N,Mid,74.1,245,9.25,32.88,,4.71,20.0,31.0,111.0,4.32,7.27,11.65
Robert Thomas,LB,2002,STL,20,UCLA,N,Mid,72.0,229,8.5,31.0,,4.53,21.0,34.0,114.0,4.1,7.21,11.7
John Roper,LB,1989,CHI,20,Texas A&M,N,Mid,73.6,228,,,,4.87,15.0,37.0,,,,
Nigel Bradham,LB,2012,BUF,19,Florida State,N,Bottom,73.88,241,10.5,33.75,,4.56,24.0,37.0,121.0,4.37,7.18,
Philip Wheeler,LB,2008,IND,19,Georgia Tech,N,Bottom,73.88,248,9.75,33.0,,4.82,24.0,31.0,118.0,4.29,7.11,
Kroy Biermann,LB,2008,ATL,19,Montana,N,Bottom,74.88,246,9.25,32.75,,4.87,29.0,31.5,112.0,4.56,7.08,
Quincy Black,LB,2007,TAM,19,New Mexico,N,Bottom,73.63,240,10.75,33.5,,4.48,24.0,41.5,124.0,4.34,6.86,11.23
Stewart Bradley,LB,2007,PHI,19,Nebraska,N,Bottom,75.75,254,10.0,34.38,,4.74,28.0,35.5,112.0,4.17,7.29,11.74
Stephen Nicholas,LB,2007,ATL,19,South Florida,N,Bottom,73.38,232,8.88,32.75,,4.64,29.0,33.5,110.0,4.45,7.29,12.09
Sedrick Hodge,LB,2001,NOR,19,North Carolina,N,Bottom,75.8,244,9.0,31.5,,4.48,21.0,32.0,120.0,4.09,,11.05
John Holecek,LB,1995,BUF,19,Illinois,N,Bottom,74.1,238,9.88,31.88,,4.76,21.0,32.0,113.0,4.04,,11.31
Alex Gordon,LB,1987,NYJ,19,Cincinnati,N,Bottom,76.8,239,9.75,34.0,,4.85,13.0,29.0,115.0,4.62,,12.81
Zach Brown,LB,2012,TEN,18,North Carolina,N,Bottom,73.25,244,9.5,33.25,,4.44,,33.5,116.0,,,
Bruce Carter,LB,2011,DAL,18,North Carolina,N,Bottom,73.5,241,9.25,32.63,,4.57,25.0,,,,,
Sean Lee,LB,2010,DAL,18,Penn State,N,Bottom,74.13,236,8.75,32.0,,4.71,24.0,37.5,120.0,,,
Pat Angerer,LB,2010,IND,18,Iowa,N,Bottom,72.25,235,9.13,30.5,,4.71,26.0,35.0,110.0,4.29,7.04,
Aaron Curry,LB,2009,SEA,18,Wake Forest,N,Bottom,73.75,254,,,,4.52,25.0,37.0,124.0,4.51,7.15,11.35
Chaun Thompson,LB,2003,CLE,18,West Texas A&M,N,Bottom,73.9,240,9.25,34.38,,4.56,29.0,35.5,123.0,4.16,7.0,11.35
Gerald Hayes,LB,2003,ARI,18,Pittsburgh,N,Bottom,72.9,238,9.25,30.75,,4.75,,30.5,107.0,4.35,7.57,12.08
Eric Barton,LB,1999,OAK,18,Maryland,N,Bottom,74.8,247,8.75,32.63,,4.68,20.0,32.0,112.0,4.32,7.6,
Bryan Schwartz,LB,1995,JAX,18,Augustana (SD),N,Bottom,75.1,256,9.5,32.0,,4.84,21.0,33.5,116.0,4.28,,11.7
Preston Brown,LB,2014,BUF,17,Louisville,N,Bottom,73.25,251,10.25,33.5,,4.86,23.0,33.0,115.0,4.26,6.98,
James Anderson,LB,2006,CAR,17,Virginia Tech,N,Bottom,74.75,229,9.75,32.0,,4.62,,41.0,121.0,4.07,6.67,11.32
Peter Sirmon,LB,2000,TEN,17,Oregon,N,Bottom,73.9,246,9.63,31.13,,4.86,20.0,34.5,115.0,4.27,7.21,11.67
Hannibal Navies,LB,1999,CAR,17,Colorado,N,Bottom,74.5,239,8.5,31.88,,4.64,18.0,33.0,114.0,4.19,,
Greg Jones,LB,1997,WAS,17,Colorado,N,Bottom,76.1,241,9.25,34.63,,4.82,19.0,38.0,129.0,4.19,7.48,11.29
Todd Collins,LB,1992,NWE,17,Carson-Newman,N,Bottom,74.0,242,9.38,31.75,,4.66,19.0,39.0,127.0,4.07,,11.01
Ray Berry,LB,1987,MIN,17,Baylor,N,Bottom,74.5,226,9.25,31.0,,4.85,22.0,28.5,105.0,4.47,,12.01
Anthony Barr,LB,2014,MIN,16,UCLA,N,Bottom,76.88,255,9.38,33.5,,4.66,15.0,34.5,117.0,4.19,6.82,
Brandon Marshall,LB,2012,JAX,16,Nevada,N,Bottom,73.38,242,10.38,33.75,,4.72,28.0,30.5,108.0,4.09,7.05,11.87
Akeem Dent,LB,2011,ATL,16,Georgia,N,Bottom,73.0,242,10.0,32.0,,4.78,24.0,37.5,123.0,,,
Freddy Keiaho,LB,2006,IND,16,San Diego State,N,Bottom,71.25,224,9.38,31.0,,4.65,15.0,36.0,113.0,4.12,7.01,11.62
Kevin Bentley,LB,2002,CLE,16,Northwestern,N,Bottom,72.4,243,8.5,31.0,,4.72,23.0,39.0,113.0,3.83,6.71,11.42
Ben Taylor,LB,2002,CLE,16,Virginia Tech,N,Bottom,73.9,236,10.13,31.5,,4.79,19.0,35.5,116.0,4.09,6.56,11.12
Barry Gardner,LB,1999,PHI,16,Northwestern,N,Bottom,72.4,242,10.0,32.25,,4.72,25.0,33.0,113.0,4.32,7.42,11.6
Sean Harris,LB,1995,CHI,16,Arizona,N,Bottom,75.0,244,10.5,32.13,,4.8,14.0,,,,,
Lewis Bush,LB,1993,SDG,16,Washington State,N,Bottom,74.3,235,9.13,32.25,,4.77,14.0,29.5,,,,
Dwayne Sabb,LB,1992,NWE,16,New Hampshire,N,Bottom,76.3,248,10.75,34.25,,4.83,20.0,31.5,120.0,4.26,,11.49
Larry Kelm,LB,1987,RAM,16,Texas A&M,N,Bottom,75.8,221,8.5,31.75,,4.83,12.0,30.0,113.0,4.29,,11.96
Tim Dobbins,LB,2006,SDG,15,Iowa State,N,Bottom,73.13,246,9.38,31.13,,4.61,23.0,35.5,110.0,4.39,7.25,11.97
Keith Adams,LB,2001,TEN,15,Clemson,N,Bottom,70.6,219,8.5,31.13,,4.81,24.0,,104.0,,,
James Darling,LB,1997,PHI,15,Washington State,N,Bottom,72.5,247,9.25,32.63,,,22.0,,,,,
Marvin Jones,LB,1993,NYJ,15,Florida State,N,Bottom,73.1,237,9.38,33.0,,,,,,,,
Corey Widmer,LB,1992,NYG,15,Montana State,N,Bottom,74.8,277,9.63,31.63,,5.04,22.0,27.5,105.0,4.33,,
Elijah Alexander,LB,1992,TAM,15,Kansas State,N,Bottom,73.8,228,9.5,33.75,,4.69,18.0,42.0,130.0,,,
Jarvis Jones,LB,2013,PIT,14,Georgia,N,Bottom,75.0,241,9.13,33.08,13.0,4.74,,,,,,
Manti Te'o,LB,2013,SDG,14,Notre Dame,N,Bottom,73.25,241,,32.48,23.0,4.82,,33.0,113.0,4.27,7.13,
Kevin Minter,LB,2013,ARI,14,LSU,N,Bottom,71.75,246,9.38,32.08,,4.81,25.0,33.0,119.0,,,
Miles Burris,LB,2012,OAK,14,San Diego State,N,Bottom,74.13,246,9.88,31.88,,4.73,31.0,37.5,121.0,,,
Tahir Whitehead,LB,2012,DET,14,Temple,N,Bottom,73.25,233,10.25,32.38,,4.62,21.0,37.0,124.0,4.37,7.14,
Keith Goganious,LB,1992,BUF,14,Penn State,N,Bottom,74.4,237,9.25,32.38,,4.92,,,,,,
James Williams,LB,1990,NOR,14,Mississippi State,N,Bottom,72.1,223,9.63,31.0,,4.74,19.0,32.0,114.0,4.44,,12.4
Fred Strickland,LB,1988,RAM,14,Purdue,N,Bottom,74.1,244,9.0,,,4.73,23.0,32.0,114.0,4.28,,11.91
Van Waiters,LB,1988,CLE,14,Indiana,N,Bottom,75.9,243,8.75,,,4.87,9.0,30.5,108.0,4.7,,12.8
Telvin Smith,LB,2014,JAX,13,Florida State,N,Bottom,75.0,218,10.25,32.5,,4.52,,31.5,117.0,,,
Jelani Jenkins,LB,2013,MIA,13,Florida,N,Bottom,72.5,243,9.38,32.28,,4.54,27.0,,,,,
Keenan Robinson,LB,2012,WAS,13,Texas,N,Bottom,75.0,242,9.75,33.0,,4.72,27.0,35.5,120.0,,,
Jamar Chaney,LB,2010,PHI,13,Mississippi State,N,Bottom,72.75,242,,,,4.54,26.0,39.0,124.0,4.29,6.9,
Kaluka Maiava,LB,2009,CLE,13,USC,N,Bottom,71.5,229,,,,4.7,30.0,,110.0,4.2,6.98,
Tyjuan Hagler,LB,2005,IND,13,Cincinnati,N,Bottom,71.6,236,9.0,31.25,,4.61,35.0,35.5,114.0,4.07,7.21,11.58
Antwan Peek,LB,2003,HOU,13,Cincinnati,N,Bottom,74.6,246,9.38,32.0,,4.67,21.0,37.0,125.0,4.33,7.06,
Clark Haggans,LB,2000,PIT,13,Colorado State,N,Bottom,75.4,253,9.63,32.25,,5.01,20.0,31.5,109.0,4.21,7.12,11.93
Dean Wells,LB,1993,SEA,13,Kentucky,N,Bottom,74.4,238,9.88,32.38,,4.61,20.0,39.0,126.0,4.01,,11.05
Gerald Dixon,LB,1992,CLE,13,South Carolina,N,Bottom,74.3,250,9.25,32.38,,4.82,27.0,31.5,114.0,4.57,,
Jessie Small,LB,1989,PHI,13,Eastern Kentucky,N,Bottom,76.1,236,,,,4.74,15.0,31.0,114.0,4.57,,
Avery Williamson,LB,2014,TEN,12,Kentucky,N,Bottom,73.0,246,9.5,32.75,,4.66,25.0,30.5,120.0,4.07,7.11,
Sio Moore,LB,2013,OAK,12,Connecticut,N,Bottom,72.75,245,10.25,33.58,,4.65,29.0,38.0,127.0,4.31,7.49,12.39
Jasper Brinkley,LB,2009,MIN,12,South Carolina,N,Bottom,73.63,252,,,,4.67,26.0,35.5,114.0,4.32,7.03,
Colby Bockwoldt,LB,2004,NOR,12,BYU,N,Bottom,73.6,230,9.63,32.5,,4.59,14.0,34.0,112.0,4.05,7.12,10.88
Jamie Winborn,LB,2001,SFO,12,Vanderbilt,N,Bottom,71.0,229,8.5,31.5,,4.63,,35.5,111.0,,,
Mike Caldwell,LB,1993,CLE,12,Middle Tennessee State,N,Bottom,73.6,226,8.38,34.25,,4.66,19.0,39.0,122.0,3.95,,11.16
Ron George,LB,1993,ATL,12,Stanford,N,Bottom,73.8,222,8.75,32.0,,4.65,28.0,37.0,129.0,4.38,,11.6
Steve Hendrickson,LB,1989,SFO,12,California,N,Bottom,72.0,242,,,,4.78,22.0,32.5,110.0,4.05,,11.11
Rick Graf,LB,1987,MIA,12,Wisconsin,N,Bottom,77.0,240,9.5,32.0,,4.66,18.0,34.0,122.0,4.02,,11.56
Anthony Hitchens,LB,2014,DAL,11,Iowa,N,Bottom,72.38,240,9.13,32.5,,4.74,23.0,31.5,115.0,4.45,7.15,
Barkevious Mingo,LB,2013,CLE,11,LSU,N,Bottom,76.25,241,9.63,33.68,,4.58,,37.0,128.0,4.39,6.84,
James-Michael Johnson,LB,2012,CLE,11,Nevada,N,Bottom,73.13,241,9.38,32.88,,4.6,23.0,37.0,124.0,4.37,7.34,12.06
Colin McCarthy,LB,2011,TEN,11,Miami (FL),N,Bottom,73.38,238,10.25,29.5,,4.59,23.0,36.5,119.0,4.2,6.93,11.38
Darryl Sharpton,LB,2010,HOU,11,Miami (FL),N,Bottom,71.38,236,9.88,32.5,,4.81,24.0,,,4.42,7.19,
Brandon Siler,LB,2007,SDG,11,Florida,N,Bottom,73.75,241,10.13,34.75,,4.64,,30.5,109.0,,7.34,
Brandon Johnson,LB,2006,ARI,11,Louisville,N,Bottom,76.88,228,10.0,32.75,,4.52,11.0,37.0,118.0,4.34,7.17,11.81
Kevin Burnett,LB,2005,DAL,11,Tennessee,N,Bottom,74.9,239,10.0,32.63,,4.61,20.0,36.0,119.0,,,
Derrick Pope,LB,2004,MIA,11,Alabama,N,Bottom,70.9,230,9.63,31.0,,4.69,24.0,,106.0,,,
Reggie Brown,LB,1996,DET,11,Texas A&M,N,Bottom,74.0,241,9.0,32.25,,4.53,25.0,33.0,120.0,4.06,,11.73
Mike Morton,LB,1995,OAK,11,North Carolina,N,Bottom,75.8,231,9.88,30.75,,4.74,16.0,34.5,113.0,4.25,,11.99
Marc Munford,LB,1987,DEN,11,Nebraska,N,Bottom,74.0,238,9.0,30.5,,4.78,15.0,30.0,110.0,4.31,,11.85
Gerald Hodges,LB,2013,MIN,10,Penn State,N,Bottom,73.0,243,9.0,32.08,,4.78,22.0,,119.0,,,
A.J. Klein,LB,2013,CAR,10,Iowa State,N,Bottom,73.25,250,10.25,32.78,,4.66,20.0,,113.0,,,
Kyle Wilber,LB,2012,DAL,10,Wake Forest,N,Bottom,76.0,249,9.25,33.25,,4.73,25.0,33.5,117.0,4.31,7.11,
Casey Matthews,LB,2011,PHI,10,Oregon,N,Bottom,72.88,231,8.5,31.5,,4.78,13.0,,,,,
Dekoda Watson,LB,2010,TAM,10,Florida State,N,Bottom,74.0,226,,,,4.55,24.0,40.0,134.0,4.11,7.06,
Larry Grant,LB,2008,SFO,10,Ohio State,N,Bottom,73.0,235,9.38,33.25,,4.79,20.0,31.5,113.0,4.22,6.77,11.73
Caleb Miller,LB,2004,CIN,10,Arkansas,N,Bottom,75.3,224,9.0,33.25,,4.71,23.0,34.5,120.0,3.93,6.85,10.95
Andy Katzenmoyer,LB,1999,NWE,10,Ohio State,N,Bottom,74.6,258,9.63,32.13,,4.68,23.0,,,,,
Patrick Sapp,LB,1996,SDG,10,Clemson,N,Bottom,75.1,258,9.38,31.25,,4.9,20.0,29.0,110.0,4.59,,12.05
Marty Moore,LB,1994,NWE,10,Kentucky,N,Bottom,72.6,243,8.13,32.0,,4.81,19.0,29.5,107.0,4.48,,12.12
Marcus Buckley,LB,1993,NYG,10,Texas A&M,N,Bottom,75.1,235,10.38,31.13,,,15.0,,,,,
Barry Minter,LB,1993,DAL,10,Tulsa,N,Bottom,74.3,236,10.5,33.88,,4.62,14.0,34.5,118.0,4.15,,11.75
John Johnson,LB,1991,SFO,10,Clemson,N,Bottom,75.3,225,9.0,32.0,,4.59,16.0,30.5,115.0,4.31,,11.65
Godfrey Myles,LB,1991,DAL,10,Florida,N,Bottom,73.3,240,9.5,32.0,,4.7,22.0,36.5,,,,
Kevin Walker,LB,1988,CIN,10,Maryland,N,Bottom,74.5,238,,,,,22.0,,,,,
Victor Jones,LB,1988,TAM,10,Virginia Tech,N,Bottom,73.8,244,8.5,,,4.83,14.0,26.0,96.0,4.41,,12.39
Ryan Shazier,LB,2014,PIT,9,Ohio State,N,Bottom,73.13,237,10.0,32.38,,4.58,25.0,42.0,128.0,4.21,6.91,
Tavares Gooden,LB,2008,BAL,9,Miami (FL),N,Bottom,73.25,234,10.25,32.5,,4.65,22.0,35.0,118.0,,,
Jonathan Goff,LB,2008,NYG,9,Vanderbilt,N,Bottom,74.0,245,10.0,34.25,,4.73,28.0,31.5,118.0,4.26,6.86,11.5
Zak DeOssie,LB,2007,NYG,9,Brown,N,Bottom,76.63,250,10.5,35.5,,4.61,26.0,34.5,122.0,4.22,6.89,11.5
Leon Williams,LB,2006,CLE,9,Miami (FL),N,Bottom,75.0,245,9.5,32.0,,4.6,25.0,,,,,
Teddy Lehman,LB,2004,DET,9,Oklahoma,N,Bottom,73.5,240,8.38,31.38,,4.55,26.0,34.5,113.0,4.06,6.91,10.98
Dontarrious Thomas,LB,2004,MIN,9,Auburn,N,Bottom,74.5,241,9.5,32.25,,4.64,26.0,38.5,129.0,4.0,,11.57
James Allen,LB,2002,NOR,9,Oregon State,N,Bottom,74.6,240,9.0,33.0,,4.63,24.0,38.0,120.0,4.21,7.59,11.75
Ray Farmer,LB,1996,PHI,9,Duke,N,Bottom,75.4,225,8.63,32.5,,,17.0,,,,,
Kevin Mitchell,LB,1994,SFO,9,Syracuse,N,Bottom,73.5,260,8.25,32.0,,,16.0,,,,,
Antonio London,LB,1993,DET,9,Alabama,N,Bottom,74.3,234,10.13,32.88,,,22.0,,,,,
James Willis,LB,1993,GNB,9,Auburn,N,Bottom,73.6,230,9.63,31.88,,4.75,22.0,34.5,120.0,4.63,,12.36
Frank Stams,LB,1989,RAM,9,Notre Dame,N,Bottom,74.5,222,,,,4.83,19.0,32.5,110.0,4.28,,11.17
Britt Hager,LB,1989,PHI,9,Texas,N,Bottom,72.3,224,,,,4.69,24.0,31.0,111.0,4.3,,11.79
Christian Kirksey,LB,2014,CLE,8,Iowa,N,Bottom,73.75,233,9.38,32.38,,4.72,16.0,32.0,122.0,,,
Marvin Mitchell,LB,2007,NOR,8,Tennessee,N,Bottom,75.0,249,10.25,33.0,,4.94,22.0,32.0,108.0,4.25,7.29,
Rocky Boiman,LB,2002,TEN,8,Notre Dame,N,Bottom,75.8,242,10.0,32.0,,4.61,17.0,35.0,118.0,4.05,6.86,11.2
Nick Rogers,LB,2002,MIN,8,Georgia Tech,N,Bottom,74.0,251,9.0,33.25,,4.65,22.0,36.0,115.0,4.19,7.02,11.71
Brian Allen,LB,2001,STL,8,Florida State,N,Bottom,72.1,238,9.0,31.5,,4.65,25.0,,,,,
Markus Steele,LB,2001,DAL,8,USC,N,Bottom,74.9,232,9.0,30.0,,4.62,,33.0,119.0,4.5,7.15,11.71
Donta Jones,LB,1995,PIT,8,Nebraska,N,Bottom,73.8,226,9.13,33.38,,4.71,20.0,37.0,130.0,4.02,,11.15
James Folston,LB,1994,RAI,8,Louisiana-Monroe,N,Bottom,74.8,235,10.13,34.0,,4.62,25.0,34.5,115.0,4.34,,11.47
David Brandon,LB,1987,BUF,8,Memphis,N,Bottom,75.1,223,9.0,32.0,,4.73,9.0,26.5,108.0,4.45,,12.12
Tim Jordan,LB,1987,NWE,8,Wisconsin,N,Bottom,75.0,226,8.75,31.5,,4.6,21.0,28.5,112.0,4.2,,11.42
Vic Beasley,OLB,2015,ATL,7,Clemson,N,Bottom,75.0,246,9.38,32.5,29.0,4.53,35.0,41.0,130.0,4.15,6.91,
Jeremiah Attaochu,LB,2014,SDG,7,Georgia Tech,N,Bottom,75.25,252,9.88,33.0,,,,,,,,
Sean Spence,LB,2012,PIT,7,Miami (FL),N,Bottom,71.38,231,9.25,31.5,,4.66,12.0,33.5,119.0,4.28,7.46,
Larry English,LB,2009,SDG,7,Northern Illinois,N,Bottom,74.13,255,,,,4.82,24.0,36.0,107.0,4.38,7.26,
Gerald McRath,LB,2009,TEN,7,Southern Mississippi,N,Bottom,73.88,231,,,,4.49,19.0,34.0,123.0,4.35,7.24,11.51
Bryan Kehl,LB,2008,NYG,7,BYU,N,Bottom,74.25,242,9.5,32.75,,4.69,26.0,34.0,119.0,4.23,6.88,11.76
Antwan Barnes,LB,2007,BAL,7,Florida International,N,Bottom,72.63,240,8.75,32.38,,4.46,31.0,35.0,122.0,4.32,7.29,12.16
Gerris Wilkinson,LB,2006,NYG,7,Georgia Tech,N,Bottom,75.0,233,9.63,33.63,,4.68,19.0,39.0,122.0,4.17,7.21,11.81
Odell Thurman,LB,2005,CIN,7,Georgia,N,Bottom,72.1,233,9.88,32.25,,4.7,23.0,34.0,113.0,4.28,7.47,
Courtney Watson,LB,2004,NOR,7,Notre Dame,N,Bottom,73.4,237,9.25,31.5,,4.56,22.0,36.5,114.0,4.35,7.39,11.95
Keyaron Fox,LB,2004,KAN,7,Georgia Tech,N,Bottom,74.4,227,9.5,32.88,,4.65,28.0,,,,,
Alex Lewis,LB,2004,DET,7,Wisconsin,N,Bottom,71.8,227,9.5,32.5,,4.72,25.0,34.5,121.0,4.28,7.06,12.11
Raonall Smith,LB,2002,MIN,7,Washington State,N,Bottom,74.1,244,9.75,31.5,,4.56,26.0,42.0,121.0,4.11,7.1,11.38
Jason Glenn,LB,2001,DET,7,Texas A&M,N,Bottom,72.6,236,9.75,32.5,,4.93,14.0,36.0,115.0,4.31,7.16,11.75
Marcus Bell,LB,2000,SEA,7,Arizona,N,Bottom,73.6,237,10.13,31.88,,4.8,21.0,31.5,111.0,4.33,7.17,11.73
Rahim Abdullah,LB,1999,CLE,7,Clemson,N,Bottom,77.1,244,9.75,32.63,,4.88,17.0,34.0,117.0,4.36,7.24,12.12
Travian Smith,LB,1998,OAK,7,Oklahoma,N,Bottom,75.9,238,10.63,33.75,,4.44,15.0,32.5,120.0,,7.66,
Tom Tumulty,LB,1996,CIN,7,Pittsburgh,N,Bottom,74.5,242,9.63,32.38,,4.97,18.0,28.0,,4.38,,12.22
Aubrey Beavers,LB,1994,MIA,7,Oklahoma,N,Bottom,74.6,233,9.5,34.0,,,,,,,,
Myron Baker,LB,1993,CHI,7,Louisiana Tech,N,Bottom,74.6,221,9.25,30.25,,4.7,26.0,34.0,120.0,4.29,,12.14
Troy Johnson,LB,1988,CHI,7,Oklahoma,N,Bottom,72.9,229,9.0,,,4.76,18.0,30.5,115.0,4.26,,11.9
Brian Forde,LB,1988,NOR,7,Washington State,N,Bottom,74.5,225,9.0,,,4.64,13.0,34.0,123.0,4.36,,11.28
Stephone Anthony,ILB,2015,NOR,6,Clemson,N,Bottom,74.63,243,10.38,32.5,23.0,4.56,23.0,37.0,122.0,4.03,7.07,
Benardrick McKinney,ILB,2015,HOU,6,Mississippi State,N,Bottom,76.13,246,9.0,33.0,14.0,4.66,16.0,40.5,121.0,4.27,7.21,
Eric Kendricks,ILB,2015,MIN,6,UCLA,N,Bottom,72.25,232,9.63,31.0,14.0,4.61,19.0,38.0,124.0,,,
Chris Borland,LB,2014,SFO,6,Wisconsin,N,Bottom,71.5,248,9.88,29.25,32.0,4.83,27.0,31.0,113.0,4.27,7.18,
Brian Rolle,LB,2011,PHI,6,Ohio State,N,Bottom,69.63,229,10.38,31.0,,4.53,28.0,33.0,115.0,4.26,6.89,
Victor Butler,LB,2009,DAL,6,Oregon State,N,Bottom,74.25,248,,,,4.76,24.0,33.0,113.0,4.4,7.21,
Tim Shaw,LB,2007,CAR,6,Penn State,N,Bottom,73.5,236,9.25,31.38,,4.54,26.0,36.5,116.0,4.12,7.01,
Jon Alston,LB,2006,STL,6,Stanford,N,Bottom,72.75,223,8.38,31.5,,4.53,30.0,40.0,132.0,4.13,6.9,11.3
Darryl Blackstock,LB,2005,ARI,6,Virginia,N,Bottom,74.6,247,9.88,31.5,,4.72,25.0,39.0,126.0,4.29,7.05,
Niko Koutouvides,LB,2004,SEA,6,Purdue,N,Bottom,74.5,244,8.88,31.88,,4.73,,30.5,108.0,3.88,6.98,11.23
Joe Odom,LB,2003,CHI,6,Purdue,N,Bottom,72.9,241,9.25,30.5,,4.62,26.0,,,,,
Levar Fisher,LB,2002,ARI,6,North Carolina State,N,Bottom,72.9,233,9.0,30.38,,4.62,,31.0,108.0,,7.3,
Rocky Calmus,LB,2002,TEN,6,Oklahoma,N,Bottom,75.1,243,9.0,32.0,,4.69,16.0,,,,,
DaShon Polk,LB,2000,BUF,6,Arizona,N,Bottom,73.9,233,9.5,31.13,,4.77,18.0,32.0,111.0,4.45,7.43,11.64
Craig Sauer,LB,1996,ATL,6,Minnesota,N,Bottom,73.5,226,9.25,32.38,,,,,,,,
Damien Covington,LB,1995,BUF,6,North Carolina State,N,Bottom,71.8,236,9.13,32.25,,4.96,,32.0,112.0,4.31,,12.0
Keith Burns,LB,1994,DEN,6,Oklahoma State,N,Bottom,73.3,233,9.25,32.5,,4.88,13.0,30.0,113.0,4.65,,12.21
Darrick Brownlow,LB,1991,DAL,6,Illinois,N,Bottom,70.1,230,9.63,30.0,,4.82,,29.5,98.0,4.24,,11.97
Jeff Mills,LB,1990,SDG,6,Nebraska,N,Bottom,75.4,227,8.25,32.75,,4.79,15.0,32.0,112.0,4.23,,11.43
David Bavaro,LB,1990,PHO,6,Syracuse,N,Bottom,72.1,231,9.5,29.5,,5.03,14.0,31.5,107.0,4.11,,11.95
David Braxton,LB,1989,MIN,6,Wake Forest,N,Bottom,73.5,232,,,,4.58,18.0,32.0,117.0,,,
Shaq Thompson,OLB,2015,CAR,5,Washington,N,Bottom,72.13,228,9.5,33.0,,4.64,,33.5,117.0,4.08,6.99,11.78
Denzel Perryman,ILB,2015,SDG,5,Miami (FL),N,Bottom,70.75,236,9.5,31.88,17.0,4.78,27.0,32.0,113.0,,,
Kwon Alexander,OLB,2015,TAM,5,LSU,N,Bottom,72.75,227,9.25,30.25,,4.55,24.0,36.0,121.0,4.2,7.14,
Audie Cole,LB,2012,MIN,5,North Carolina State,N,Bottom,76.13,246,10.0,32.75,,4.76,15.0,35.0,114.0,4.29,6.96,
Stevenson Sylvester,LB,2010,PIT,5,Utah,N,Bottom,74.13,231,,,,4.71,23.0,,,,,
Nic Harris,LB,2009,BUF,5,Oklahoma,N,Bottom,74.38,234,,,,4.86,15.0,31.5,109.0,4.37,7.05,
Jamar Williams,LB,2006,CHI,5,Arizona State,N,Bottom,72.3,236,9.0,31.5,,4.63,,37.0,120.0,4.29,7.03,11.97
Tony Gilbert,LB,2003,ARI,5,Georgia,N,Bottom,71.9,251,9.38,29.38,,4.86,19.0,27.5,109.0,,,
Mario Haggan,LB,2003,BUF,5,Mississippi State,N,Bottom,74.6,252,9.63,32.88,,4.84,21.0,33.0,110.0,4.38,7.54,12.2
Quinton Caver,LB,2001,PHI,5,Arkansas,N,Bottom,75.9,227,9.0,33.0,,4.66,23.0,37.5,118.0,4.25,7.66,11.87
Eric Westmoreland,LB,2001,JAX,5,Tennessee,N,Bottom,71.6,236,9.0,30.5,,4.65,21.0,36.5,115.0,4.21,7.47,11.68
Brandon Spoon,LB,2001,BUF,5,North Carolina,N,Bottom,74.4,245,9.0,31.0,,4.73,33.0,35.5,110.0,4.15,7.3,11.43
Patrick Chukwurah,LB,2001,MIN,5,Wyoming,N,Bottom,73.6,238,8.5,31.5,,4.75,24.0,40.0,119.0,4.21,7.34,11.78
Alshermond Singleton,LB,1997,TAM,5,Temple,N,Bottom,74.3,224,9.75,34.5,,4.77,20.0,39.5,122.0,4.2,7.57,11.69
Twan Russell,LB,1997,WAS,5,Miami (FL),N,Bottom,73.4,230,9.88,33.38,,4.83,13.0,34.0,,,,
John Fiala,LB,1997,MIA,5,Washington,N,Bottom,74.0,232,9.25,32.13,,4.9,21.0,31.0,109.0,4.22,7.38,11.51
Terry Killens,LB,1996,HOU,5,Penn State,N,Bottom,72.9,232,9.0,32.5,,,,,,,,
Pete Bercich,LB,1994,MIN,5,Notre Dame,N,Bottom,73.4,240,9.13,31.5,,4.96,19.0,29.0,108.0,4.04,,11.79
Brian Jones,LB,1991,RAI,5,Texas,N,Bottom,73.0,242,9.5,32.5,,4.81,16.0,30.5,114.0,4.45,,11.67
Scott Kozak,LB,1989,HOU,5,Oregon,N,Bottom,74.4,217,,,,4.71,17.0,34.5,122.0,4.21,,11.32
Marcus Cotton,LB,1988,ATL,5,USC,N,Bottom,75.3,214,9.0,,,4.63,19.0,,,,,
Dante Jones,LB,1988,CHI,5,Oklahoma,N,Bottom,73.3,229,9.75,,,,17.0,,,,,
Toby Caston,LB,1987,HOU,5,LSU,N,Bottom,73.0,235,9.5,31.75,,4.82,10.0,32.5,117.0,4.55,,12.18
Hau'oli Kikaha,OLB,2015,NOR,4,Washington,N,Bottom,74.38,253,9.63,32.5,29.0,4.74,,,,,,
Jordan Hicks,OLB,2015,PHI,4,Texas,N,Bottom,73.38,236,10.0,32.0,28.0,4.68,20.0,38.0,124.0,4.15,6.78,11.34
Jake Ryan,OLB,2015,GNB,4,Michigan,N,Bottom,74.38,240,9.38,31.0,22.0,4.65,20.0,34.5,120.0,4.2,7.11,11.65
Sam Barrington,LB,2013,GNB,4,South Florida,N,Bottom,72.88,246,10.25,32.28,,4.91,22.0,32.5,117.0,,,
Tank Carder,LB,2012,BUF,4,TCU,N,Bottom,74.38,236,9.13,31.5,,4.58,19.0,34.5,121.0,4.18,6.89,11.53
Travis Lewis,LB,2012,DET,4,Oklahoma,N,Bottom,73.38,246,10.13,32.75,,4.83,22.0,36.0,122.0,,,
Nathan Stupar,LB,2012,OAK,4,Penn State,N,Bottom,73.63,241,9.13,31.38,,4.65,21.0,31.0,116.0,4.28,6.84,11.64
Chris White,LB,2011,BUF,4,Mississippi State,N,Bottom,74.75,240,9.0,30.88,,4.68,17.0,34.0,115.0,4.25,6.95,11.58
Kevin Ellison,LB,2009,SDG,4,USC,N,Bottom,72.88,227,,,,4.8,32.0,,,,,
Xavier Adibi,LB,2008,HOU,4,Virginia Tech,N,Bottom,73.75,232,9.75,34.0,,4.71,,30.0,110.0,4.47,,
Adam Seward,LB,2005,CAR,4,UNLV,N,Bottom,74.3,248,9.75,31.63,,4.61,33.0,36.5,120.0,4.11,7.16,11.5
Leon Joe,LB,2004,CHI,4,Maryland,N,Bottom,72.5,230,9.13,33.38,,4.51,30.0,39.0,,,,
Cody Spencer,LB,2004,OAK,4,North Texas,N,Bottom,74.5,242,9.75,31.63,,4.67,27.0,34.5,116.0,4.08,6.94,11.52
Shannon Taylor,LB,2000,SDG,4,Virginia,N,Bottom,74.9,249,9.5,32.5,,4.65,,34.5,115.0,,,
Jeff Kopp,LB,1995,MIA,4,USC,N,Bottom,75.0,243,10.5,31.0,,4.97,20.0,32.0,114.0,4.25,,11.73
Trev Alberts,LB,1994,IND,4,Nebraska,N,Bottom,76.0,243,9.25,32.75,,,,,,,,
Lemanski Hall,LB,1994,HOU,4,Alabama,N,Bottom,72.1,229,9.13,31.5,,,,,,,,
Marc Woodard,LB,1993,PIT,4,Mississippi State,N,Bottom,72.4,228,10.13,31.5,,4.63,17.0,35.5,108.0,4.06,,11.5
Lamont Hollinquest,LB,1993,WAS,4,USC,N,Bottom,74.8,240,9.5,32.75,,4.87,9.0,34.0,116.0,4.32,,11.77
Scott Kowalkowski,LB,1991,PHI,4,Notre Dame,N,Bottom,72.1,227,9.13,33.5,,4.91,,28.5,104.0,4.16,,11.52
Kurt Larson,LB,1989,IND,4,Michigan State,N,Bottom,75.6,230,,,,4.89,20.0,31.5,107.0,,,
Antonio Goss,LB,1989,SFO,4,North Carolina,N,Bottom,75.0,228,,,,4.8,10.0,39.5,120.0,4.52,,12.02
Ilia Jarostchuk,LB,1987,STL,4,New Hampshire,N,Bottom,75.5,231,8.5,30.5,,4.77,,31.0,116.0,4.43,,11.88
Zaviar Gooden,LB,2013,TEN,3,Missouri,N,Bottom,73.5,234,10.0,32.28,25.0,4.47,27.0,34.0,131.0,4.18,6.71,11.28
Khaseem Greene,LB,2013,CHI,3,Rutgers,N,Bottom,72.75,241,9.63,32.58,,4.71,17.0,30.0,116.0,4.2,7.58,11.87
Michael Mauti,LB,2013,MIN,3,Penn State,N,Bottom,73.88,243,10.5,32.48,,4.83,28.0,,,,,
Najee Goode,LB,2012,TAM,3,West Virginia,N,Bottom,72.13,244,9.0,31.88,,4.55,,35.5,117.0,,,
Martez Wilson,LB,2011,NOR,3,Illinois,N,Bottom,76.0,250,9.75,34.63,,4.42,23.0,36.0,124.0,4.28,7.04,
Greg Jones,LB,2011,NYG,3,Michigan State,N,Bottom,72.13,242,10.0,32.0,,4.75,21.0,31.5,117.0,4.27,7.21,11.82
Keenan Clayton,LB,2010,PHI,3,Oklahoma,N,Bottom,73.13,229,,,,4.59,27.0,41.5,124.0,,,
Josh Hull,LB,2010,STL,3,Penn State,N,Bottom,74.75,237,9.0,32.75,,4.93,25.0,32.5,115.0,4.07,6.86,11.31
Jason Phillips,LB,2009,BAL,3,TCU,N,Bottom,72.75,239,,,,4.6,20.0,34.0,120.0,4.32,,
Spencer Larsen,LB,2008,DEN,3,Arizona,N,Bottom,73.75,238,9.75,31.88,,4.91,27.0,28.5,113.0,4.55,7.68,12.48
Prescott Burgess,LB,2007,BAL,3,Michigan,N,Bottom,75.38,240,9.5,34.5,,4.88,19.0,32.5,106.0,4.31,7.01,
Alfred Fincher,LB,2005,NOR,3,Connecticut,N,Bottom,74.0,238,,,,4.68,25.0,31.5,112.0,4.48,7.7,
Marquis Cooper,LB,2004,TAM,3,Washington,N,Bottom,75.3,223,9.75,32.0,,4.55,25.0,36.5,121.0,4.12,7.02,10.96
Rod Davis,LB,2004,MIN,3,Southern Mississippi,N,Bottom,74.0,239,9.25,31.63,,4.71,,,114.0,4.02,7.2,11.35
Mike Nattiel,LB,2003,MIN,3,Florida,N,Bottom,71.6,228,9.5,31.13,,4.65,,30.0,106.0,4.38,7.49,12.1
Sekou Sanyika,LB,2000,ARI,3,California,N,Bottom,75.3,241,10.0,32.38,,4.75,21.0,32.5,111.0,4.38,7.33,12.08
Jeff Kelly,LB,1999,ATL,3,Kansas State,N,Bottom,72.1,256,8.63,31.75,,4.95,16.0,32.0,112.0,4.37,7.65,
Kory Minor,LB,1999,SFO,3,Notre Dame,N,Bottom,72.5,244,8.88,32.75,,4.71,,31.0,112.0,4.27,7.2,11.58
Pete Monty,LB,1997,NYG,3,Wisconsin,N,Bottom,73.9,253,9.25,32.0,,4.84,26.0,32.5,109.0,4.29,7.41,11.85
Doug Colman,LB,1996,NYG,3,Nebraska,N,Bottom,73.9,252,9.13,31.75,,4.79,21.0,29.0,110.0,4.26,,11.65
Jason Kyle,LB,1995,SEA,3,Arizona State,N,Bottom,74.6,243,9.75,32.63,,4.72,23.0,39.0,128.0,4.19,,11.47
Eric Ravotti,LB,1994,PIT,3,Penn State,N,Bottom,73.9,246,9.25,31.5,,4.85,30.0,30.0,110.0,4.5,,11.94
Rick Hamilton,LB,1993,WAS,3,Central Florida,N,Bottom,73.3,242,10.0,31.88,,4.76,,32.0,114.0,4.26,,11.63
Derrick Oden,LB,1993,PHI,3,Alabama,N,Bottom,71.0,230,8.25,32.13,,,24.0,,,,,
Reggie Burnette,LB,1991,GNB,3,Houston,N,Bottom,73.6,235,10.0,33.0,,4.9,15.0,29.5,113.0,4.4,,12.15
Clifford Charlton,LB,1988,CLE,3,Florida,N,Bottom,74.3,238,,,,,15.0,,,,,
Walter Johnson,LB,1987,HOU,3,Louisiana Tech,N,Bottom,71.1,240,9.25,32.0,,4.54,22.0,29.5,116.0,4.36,,11.33
Eli Harold,OLB,2015,SFO,2,Virginia,N,Bottom,75.13,247,9.38,33.0,,4.6,,35.0,123.0,4.16,7.07,11.81
Lorenzo Mauldin,OLB,2015,NYJ,2,Louisville,N,Bottom,75.63,259,9.88,33.0,,4.85,23.0,32.0,112.0,4.58,7.47,
Ramik Wilson,ILB,2015,KAN,2,Georgia,N,Bottom,74.0,237,10.63,33.0,,4.77,23.0,35.0,111.0,4.51,,
Ben Heeney,ILB,2015,OAK,2,Kansas,N,Bottom,72.25,231,9.0,30.75,,4.59,19.0,33.5,120.0,4.0,6.68,11.06
Kyle Emanuel,OLB,2015,SDG,2,North Dakota State,N,Bottom,75.25,255,9.38,31.0,,4.77,27.0,34.0,120.0,4.25,7.1,11.78
Kyle Van Noy,LB,2014,DET,2,BYU,N,Bottom,75.13,243,,,,4.71,21.0,32.5,111.0,4.2,7.22,
Kevin Pierre-Louis,LB,2014,SEA,2,Boston College,N,Bottom,72.5,232,10.13,32.25,,4.51,28.0,39.0,127.0,4.02,6.92,
Prince Shembo,LB,2014,ATL,2,Notre Dame,N,Bottom,73.38,253,10.5,33.13,,4.71,26.0,38.5,122.0,4.31,7.29,
Lamin Barrow,LB,2014,DEN,2,LSU,N,Bottom,73.38,237,10.38,33.38,,4.64,22.0,35.0,123.0,4.35,7.24,
Jordan Tripp,LB,2014,MIA,2,Montana,N,Bottom,74.75,234,9.63,30.75,,4.67,22.0,37.5,120.0,3.96,6.89,
Trevor Reilly,LB,2014,NYJ,2,Utah,N,Bottom,76.75,245,9.5,32.25,,4.67,26.0,,,,,
Arthur Brown,LB,2013,BAL,2,Kansas State,N,Bottom,72.38,241,10.0,32.48,20.0,4.62,,,116.0,,,
Nick Moody,LB,2013,SFO,2,Florida State,N,Bottom,73.0,236,9.63,31.48,,4.71,17.0,,118.0,,,
Emmanuel Acho,LB,2012,CLE,2,Texas,N,Bottom,73.63,238,10.0,33.0,,4.64,24.0,35.5,118.0,,,
Doug Hogue,LB,2011,DET,2,Syracuse,N,Bottom,74.5,235,9.38,32.63,,4.62,18.0,36.0,121.0,4.57,7.09,11.76
Eric Norwood,LB,2010,CAR,2,South Carolina,N,Bottom,73.0,242,,,,4.71,,36.5,115.0,4.23,7.08,
Roddrick Muckelroy,LB,2010,CIN,2,Texas,N,Bottom,73.75,246,,,,4.68,19.0,31.0,110.0,4.39,7.25,
Clint Sintim,LB,2009,NYG,2,Virginia,N,Bottom,75.0,256,,,,4.75,,34.5,119.0,4.4,7.37,
Scott McKillop,LB,2009,SFO,2,Pittsburgh,N,Bottom,72.88,244,,,,4.7,27.0,35.5,119.0,4.39,7.0,11.66
Cody Glenn,LB,2009,WAS,2,Nebraska,N,Bottom,72.0,244,,,,4.78,25.0,,,,,
Zack Follett,LB,2009,DET,2,California,N,Bottom,73.88,236,,,,4.69,,37.0,117.0,,7.31,
Jordon Dizon,LB,2008,DET,2,Colorado,N,Bottom,71.88,229,8.5,31.25,,4.73,,30.5,118.0,4.35,7.01,
Stanford Keglar,LB,2008,TEN,2,Purdue,N,Bottom,73.63,239,10.25,32.0,,4.63,29.0,34.0,126.0,3.98,6.7,11.43
Buster Davis,LB,2007,ARI,2,Florida State,N,Bottom,69.38,239,9.13,30.0,,4.51,24.0,35.5,115.0,4.37,6.66,11.3
Anthony Waters,LB,2007,SDG,2,Clemson,N,Bottom,74.63,245,9.75,33.38,,4.59,25.0,,,,,
Abdul Hodge,LB,2006,GNB,2,Iowa,N,Bottom,72.38,236,8.88,32.5,,4.82,,31.0,108.0,4.3,7.09,11.69
Anthony Schlegel,LB,2006,NYJ,2,Ohio State,N,Bottom,72.5,250,8.63,29.38,,4.86,21.0,32.0,111.0,4.38,7.41,12.18
Boomer Grigsby,LB,2005,KAN,2,Illinois State,N,Bottom,73.0,249,,,,4.6,32.0,35.5,112.0,,7.1,
Rian Wallace,LB,2005,PIT,2,Temple,N,Bottom,74.3,241,9.88,32.38,,4.68,10.0,35.5,111.0,3.94,7.45,11.72
Robert Reynolds,LB,2004,TEN,2,Ohio State,N,Bottom,75.5,251,9.5,31.0,,4.79,18.0,32.5,116.0,3.94,7.17,11.46
Solomon Bates,LB,2003,SEA,2,Arizona State,N,Bottom,73.4,243,8.63,32.0,,4.88,19.0,30.0,112.0,4.32,7.22,11.63
Courtland Bullard,LB,2002,STL,2,Ohio State,N,Bottom,75.0,234,9.0,33.25,,4.62,,36.5,120.0,4.28,6.99,11.4
Dominique Stevenson,LB,2002,BUF,2,Tennessee,N,Bottom,72.3,231,8.75,31.5,,4.6,23.0,32.5,107.0,,,
Carlos Polk,LB,2001,SDG,2,Nebraska,N,Bottom,74.1,251,9.0,34.0,,4.72,,,,,,
Corey Moore,LB,2000,BUF,2,Virginia Tech,N,Bottom,70.9,223,8.88,31.0,,4.62,21.0,,,,,
Antonio Wilson,LB,2000,MIN,2,Texas A&M-Commerce,N,Bottom,74.0,245,,,,4.56,11.0,,,,,
Johnny Rutledge,LB,1999,ARI,2,Florida,N,Bottom,74.0,245,9.88,32.25,,4.63,18.0,33.0,115.0,4.21,7.27,
Kinnon Tatum,LB,1997,CAR,2,Notre Dame,N,Bottom,71.9,222,10.0,33.25,,4.67,28.0,39.0,127.0,4.31,7.91,11.6
Tarek Saleh,LB,1997,CAR,2,Wisconsin,N,Bottom,73.6,246,9.63,32.63,,4.85,26.0,34.0,109.0,4.19,7.36,12.08
Matt Russell,LB,1997,DET,2,Colorado,N,Bottom,73.5,245,9.5,31.5,,4.91,13.0,28.0,104.0,4.19,7.39,11.56
Vernon Crawford,LB,1997,NWE,2,Florida State,N,Bottom,75.5,249,10.13,33.5,,4.94,,32.5,112.0,4.44,7.76,12.56
Dennis Stallings,LB,1997,TEN,2,Illinois,N,Bottom,72.1,234,9.88,33.0,,4.71,23.0,32.0,109.0,4.36,7.53,11.93
Wesley Leasy,LB,1995,ARI,2,Mississippi State,N,Bottom,74.3,234,10.88,33.88,,4.83,24.0,33.5,127.0,4.45,,12.06
Jaime Fields,LB,1993,KAN,2,Washington,N,Bottom,71.6,236,9.0,31.63,,4.57,17.0,34.0,114.0,4.33,,
Ashley Sheppard,LB,1993,MIN,2,Clemson,N,Bottom,75.1,258,8.88,34.13,,4.89,19.0,33.5,119.0,4.21,,11.99
Doug Miller,LB,1993,SDG,2,South Dakota State,N,Bottom,75.6,227,9.13,32.75,,4.63,25.0,38.5,124.0,4.07,,11.46
Bob Spitulski,LB,1992,SEA,2,Central Florida,N,Bottom,74.5,235,9.75,32.0,,4.74,23.0,33.5,118.0,4.36,,11.74
Keo Coleman,LB,1992,NYJ,2,Mississippi State,N,Bottom,72.6,249,8.25,33.13,,4.86,14.0,28.0,101.0,4.44,,12.27
Andre Powell,LB,1992,MIA,2,Penn State,N,Bottom,72.9,226,10.0,32.25,,,,,,,,
Mitch Donahue,LB,1991,SFO,2,Wyoming,N,Bottom,74.3,254,10.0,32.5,,4.93,24.0,33.5,111.0,4.32,,
Ivan Caesar,LB,1991,MIN,2,Boston College,N,Bottom,73.4,237,9.88,33.0,,,19.0,,,,,
Bernard Clark,LB,1990,CIN,2,Miami (FL),N,Bottom,73.4,250,8.75,32.38,,4.99,16.0,29.5,102.0,4.5,,12.38
Ned Bolcar,LB,1990,SEA,2,Notre Dame,N,Bottom,73.0,231,9.88,30.38,,4.9,,28.0,104.0,4.58,,12.06
Richard Tardits,LB,1989,PHO,2,Georgia,N,Bottom,73.6,216,,,,4.79,13.0,32.5,114.0,4.49,,11.96
John Brantley,LB,1988,HOU,2,Georgia,N,Bottom,73.9,229,10.75,,,4.83,22.0,30.0,106.0,4.51,,12.56
Danny Lockett,LB,1987,DET,2,Arizona,N,Bottom,74.0,228,9.5,32.0,,4.83,21.0,30.5,120.0,4.39,,12.18
Tim Pidgeon,LB,1987,MIA,2,Syracuse,N,Bottom,71.1,231,10.0,29.0,,4.69,22.0,30.0,111.0,4.02,,11.26
Bob Ontko,LB,1987,IND,2,Penn State,N,Bottom,75.0,233,8.0,31.0,,4.92,23.0,28.5,116.0,4.28,,11.9
Dale Jones,LB,1987,DAL,2,Tennessee,N,Bottom,73.1,223,9.5,29.75,,4.91,,25.0,101.0,4.55,,12.64
Paul Dawson,ILB,2015,CIN,1,TCU,N,Bottom,72.13,235,9.5,31.5,20.0,4.93,21.0,28.0,109.0,4.49,,
Damien Wilson,ILB,2015,DAL,1,Minnesota,N,Bottom,72.0,245,9.38,33.75,,4.77,22.0,37.0,119.0,4.2,7.21,11.68
Neiron Ball,OLB,2015,OAK,1,Florida,N,Bottom,74.38,236,9.38,33.63,,4.68,22.0,,,,,
David Mayo,LB,2015,CAR,1,Texas State,N,Bottom,73.0,242,,,,4.83,,,,,,
Tony Steward,OLB,2015,BUF,1,Clemson,N,Bottom,73.0,230,,,,4.67,,,,,,
Hayes Pullard,ILB,2015,CLE,1,USC,N,Bottom,72.5,240,9.63,31.25,,4.78,19.0,31.0,110.0,4.39,7.07,
Bryce Hager,ILB,2015,STL,1,Baylor,N,Bottom,72.75,234,9.0,31.38,,4.6,26.0,35.0,117.0,4.36,7.15,
Jeremiah George,LB,2014,NYJ,1,Iowa State,N,Bottom,71.25,234,9.25,31.88,,4.91,28.0,33.0,115.0,,,
Ronald Powell,LB,2014,NOR,1,Florida,N,Bottom,75.13,237,9.38,32.5,,4.65,21.0,35.5,113.0,,,
DeVonte Holloman,LB,2013,DAL,1,South Carolina,N,Bottom,73.38,243,10.0,32.48,,4.76,15.0,33.0,113.0,4.26,7.3,
Darius Fleming,LB,2012,SFO,1,Notre Dame,N,Bottom,73.63,245,9.38,33.0,,4.71,27.0,33.5,114.0,4.28,7.03,
Rennie Curran,LB,2010,TEN,1,Georgia,N,Bottom,70.63,235,10.38,31.5,,4.75,25.0,34.5,,,,
Travis Goethel,LB,2010,OAK,1,Arizona State,N,Bottom,74.5,240,,,,4.81,21.0,35.0,111.0,4.54,6.93,
Dexter Davis,LB,2010,SEA,1,Arizona State,N,Bottom,73.5,244,,,,4.62,25.0,35.0,109.0,4.3,7.08,
Tyrone McKenzie,LB,2009,NWE,1,South Florida,N,Bottom,73.63,243,,,,4.76,27.0,,112.0,,,
Stanley Arnoux,LB,2009,NOR,1,Wake Forest,N,Bottom,72.0,232,,,,4.56,19.0,31.5,121.0,4.39,7.22,
Thomas Williams,LB,2008,JAX,1,USC,N,Bottom,72.9,238,8.38,32.0,,4.89,26.0,29.5,113.0,,,
Marcus Howard,LB,2008,IND,1,Georgia,N,Bottom,72.5,237,9.5,32.5,,4.47,27.0,34.5,,,,
Tim McGarigle,LB,2006,STL,1,Northwestern,N,Bottom,72.63,242,9.25,29.25,,4.78,,38.0,118.0,4.07,7.09,11.36
Lance Mitchell,LB,2005,ARI,1,Oklahoma,N,Bottom,74.1,247,10.0,31.75,,4.91,15.0,33.5,,4.38,7.49,
Cornelius Wortham,LB,2005,SEA,1,Alabama,N,Bottom,73.4,236,9.88,32.0,,4.76,22.0,37.0,106.0,4.38,,
Jorge Cordova,LB,2004,JAX,1,Nevada,N,Bottom,74.0,237,,,,4.68,22.0,35.5,,4.17,7.28,
Sean Tufts,LB,2004,CAR,1,Colorado,N,Bottom,76.1,242,9.25,32.25,,4.66,21.0,34.5,118.0,3.94,6.94,11.27
Terry Pierce,LB,2003,DEN,1,Kansas State,N,Bottom,73.4,251,9.88,32.25,,4.7,28.0,27.5,,,,
Khalid Abdullah,LB,2003,CIN,1,Mars Hill,N,Bottom,74.1,227,9.5,31.63,,4.63,26.0,36.5,126.0,4.17,7.13,11.26
Tyreo Harrison,LB,2002,PHI,1,Notre Dame,N,Bottom,74.0,238,8.75,31.75,,4.88,,40.0,114.0,,7.24,
Quincy Monk,LB,2002,NYG,1,North Carolina,N,Bottom,75.4,250,9.0,32.25,,4.8,26.0,33.5,112.0,4.38,7.46,12.14
Khari Samuel,LB,1999,CHI,1,Massachusetts,N,Bottom,74.4,242,9.63,31.88,,4.76,24.0,35.0,116.0,4.34,7.56,11.93
Phil Glover,LB,1999,TEN,1,Utah,N,Bottom,71.6,239,8.38,30.88,,4.7,26.0,36.5,116.0,4.36,7.67,12.14
Kivuusama Mays,LB,1998,MIN,1,North Carolina,N,Bottom,74.9,251,10.13,33.25,,,16.0,,,,,
Antony Jordan,LB,1998,IND,1,Vanderbilt,N,Bottom,74.8,239,10.25,33.75,,4.75,20.0,34.0,116.0,4.22,7.84,11.87
Michael Hamilton,LB,1997,SDG,1,North Carolina A&T,N,Bottom,73.8,243,10.0,34.5,,4.72,18.0,32.0,112.0,4.82,8.32,12.53
James Hamilton,LB,1997,JAX,1,North Carolina,N,Bottom,76.9,236,9.38,35.88,,4.84,,35.0,125.0,4.43,7.52,11.82
Alan Campos,LB,1996,DAL,1,Louisville,N,Bottom,75.3,236,9.75,32.38,,4.78,,37.0,117.0,4.41,,11.95
Craig Powell,LB,1995,CLE,1,Ohio State,N,Bottom,75.9,227,10.25,33.63,,,,,,,,
Troy Dumas,LB,1995,KAN,1,Nebraska,N,Bottom,75.6,234,10.13,33.13,,4.92,14.0,35.5,118.0,4.13,,12.03
Dana Howard,LB,1995,DAL,1,Illinois,N,Bottom,72.4,244,8.63,30.88,,,16.0,,,,,
Wardell Rouse,LB,1995,TAM,1,Clemson,N,Bottom,73.8,231,9.25,31.0,,4.92,,34.0,119.0,4.75,,12.41
Steve Russ,LB,1995,DEN,1,Air Force,N,Bottom,76.6,237,9.5,32.75,,4.67,18.0,36.5,117.0,4.31,,11.65
Reggie Freeman,LB,1993,NOR,1,Florida State,N,Bottom,73.6,235,8.88,32.0,,4.82,24.0,34.0,113.0,4.43,,11.85
Travis Hill,LB,1993,CLE,1,Nebraska,N,Bottom,73.6,231,8.88,33.0,,,,,,,,
Mark D'Onofrio,LB,1992,GNB,1,Penn State,N,Bottom,74.0,236,8.88,31.63,,,,,,,,
Erick Anderson,LB,1992,KAN,1,Michigan,N,Bottom,73.1,241,8.75,31.0,,4.92,15.0,28.5,113.0,4.39,,11.6
Darryl Hardy,LB,1992,ATL,1,Tennessee,N,Bottom,74.5,217,9.38,32.25,,4.79,16.0,30.5,113.0,4.21,,11.83
Richard Newbill,LB,1990,HOU,1,Miami (FL),N,Bottom,73.0,240,9.63,30.25,,4.89,23.0,28.0,109.0,4.53,,12.04
Craig Ogletree,LB,1990,CIN,1,Auburn,N,Bottom,73.0,231,9.38,30.38,,4.94,15.0,29.0,108.0,4.53,,12.23
Ricky Andrews,LB,1989,SDG,1,Washington,N,Bottom,74.6,231,,,,,,,,,,
Todd Howard,LB,1987,KAN,1,Texas A&M,N,Bottom,74.9,237,9.5,32.5,,4.8,17.0,28.0,108.0,4.5,,12.16
Don Graham,LB,1987,TAM,1,Penn State,N,Bottom,73.5,240,9.5,31.0,,4.85,18.0,29.0,105.0,4.21,,11.77
Bruce Holmes,LB,1987,KAN,1,Minnesota,N,Bottom,73.9,229,10.5,31.5,,4.92,15.0,28.0,105.0,4.5,,12.4
Dante Fowler,OLB,2015,JAX,0,Florida,N,Bottom,74.63,261,9.5,33.75,16.0,4.6,19.0,32.5,112.0,4.32,7.4,11.89
Martrell Spaight,OLB,2015,WAS,0,Arkansas,N,Bottom,71.88,236,9.13,32.75,,4.88,25.0,35.0,120.0,,7.66,
Matthew Wells,LB,2015,NWE,0,Mississippi State,N,Bottom,73.0,222,,,,4.45,,,,,,
Max Valles,OLB,2015,OAK,0,Virginia,N,Bottom,76.63,251,9.38,32.63,,4.83,,36.5,121.0,4.37,7.59,
Amarlo Herrera,ILB,2015,IND,0,Georgia,N,Bottom,72.63,244,9.63,32.75,,4.83,23.0,32.0,111.0,4.27,7.35,
Reshard Cliett,OLB,2015,HOU,0,South Florida,N,Bottom,74.0,221,,,,4.67,,,,,,
Mark Nzeocha,OLB,2015,DAL,0,Wyoming,N,Bottom,74.38,232,10.0,33.0,,4.56,24.0,,,,,
Xzavier Dickson,OLB,2015,NWE,0,Alabama,N,Bottom,75.5,260,10.0,33.5,,4.74,19.0,29.5,100.0,4.53,7.56,
C.J. Mosley,LB,2014,BAL,0,Alabama,N,Bottom,74.0,234,10.75,33.38,,4.65,,35.0,116.0,4.4,7.3,
Carl Bradford,LB,2014,GNB,0,Arizona State,N,Bottom,72.75,250,9.5,30.25,,4.76,23.0,37.5,122.0,4.3,7.25,
Khairi Fortt,LB,2014,NOR,0,California,N,Bottom,74.25,248,10.13,33.63,,4.7,30.0,36.0,120.0,,,
Jordan Zumwalt,LB,2014,PIT,0,UCLA,N,Bottom,76.0,235,8.75,31.25,,4.76,,33.0,115.0,4.25,6.99,
Yawin Smallwood,LB,2014,ATL,0,Connecticut,N,Bottom,74.25,246,9.5,31.75,,,18.0,36.5,108.0,,,
Tyler Starr,LB,2014,ATL,0,South Dakota,N,Bottom,76.13,250,9.5,32.5,,4.95,24.0,32.0,115.0,4.15,6.64,
Sean Porter,LB,2013,CIN,0,Texas A&M,N,Bottom,73.25,229,9.25,32.28,,4.75,22.0,35.0,119.0,,,
Steve Beauharnais,LB,2013,NWE,0,Rutgers,N,Bottom,72.88,240,9.13,32.68,,4.84,19.0,33.0,118.0,4.2,6.99,11.95
Brandon Hepburn,LB,2013,DET,0,Florida A&M,N,Bottom,74.5,240,9.0,32.48,,4.68,21.0,32.0,124.0,4.55,7.4,
Ronnell Lewis,LB,2012,DET,0,Oklahoma,N,Bottom,73.75,253,9.25,32.5,,4.65,36.0,31.0,112.0,4.4,7.09,
Josh Kaddu,LB,2012,MIA,0,Oregon,N,Bottom,75.13,239,9.63,33.38,,4.67,20.0,34.0,119.0,,,
Terrell Manning,LB,2012,GNB,0,North Carolina State,N,Bottom,74.13,237,9.25,32.25,,4.71,22.0,32.5,114.0,4.43,7.18,
Caleb McSurdy,LB,2012,DAL,0,Montana,N,Bottom,73.25,245,9.38,30.88,,4.82,26.0,30.0,110.0,4.28,7.26,12.3
Jonas Mouton,LB,2011,SDG,0,Michigan,N,Bottom,73.0,239,9.75,31.5,,4.84,,31.5,115.0,4.34,7.08,
Dontay Moch,LB,2011,CIN,0,Nevada,N,Bottom,73.38,248,9.25,33.0,,4.4,21.0,42.0,128.0,4.38,7.09,
Quan Sturdivant,LB,2011,ARI,0,North Carolina,N,Bottom,73.0,241,10.0,32.5,,4.63,21.0,34.0,115.0,4.5,,
Ross Homan,LB,2011,MIN,0,Ohio State,N,Bottom,72.75,240,9.75,30.5,,4.66,32.0,35.5,111.0,4.34,7.21,11.76
Greg Lloyd,LB,2011,PHI,0,Connecticut,N,Bottom,73.13,246,10.13,33.5,,4.8,22.0,32.0,109.0,4.46,7.17,11.77
Sergio Kindle,LB,2010,BAL,0,Texas,N,Bottom,74.88,250,10.0,33.25,,4.65,25.0,36.5,118.0,4.53,7.26,
Phillip Dillard,LB,2010,NYG,0,Nebraska,N,Bottom,72.25,245,,,,4.65,,31.5,106.0,4.43,7.16,
A.J. Edds,LB,2010,MIA,0,Iowa,N,Bottom,75.63,246,,,,4.62,16.0,33.0,117.0,4.28,7.19,
Nate Triplett,LB,2010,MIN,0,Minnesota,N,Bottom,75.0,250,,,,4.7,20.0,33.0,115.0,4.37,7.02,
Cody Brown,LB,2009,ARI,0,Connecticut,N,Bottom,74.13,244,,,,4.76,26.0,36.5,120.0,4.4,7.1,
Marcus Freeman,LB,2009,CHI,0,Ohio State,N,Bottom,72.63,239,,,,4.65,30.0,37.0,113.0,4.12,6.98,
Shawn Crable,LB,2008,NWE,0,Michigan,N,Bottom,76.88,245,10.38,34.63,,4.62,29.0,28.0,111.0,4.55,7.29,
Bruce Davis,LB,2008,PIT,0,UCLA,N,Bottom,74.63,252,10.13,34.25,,4.83,19.0,29.0,109.0,4.47,7.34,
Alvin Bowen,LB,2008,BUF,0,Iowa State,N,Bottom,73.13,223,10.0,35.0,,4.9,15.0,34.0,119.0,4.3,7.21,12.3
Mike Humpal,LB,2008,PIT,0,Iowa,N,Bottom,74.5,244,10.0,31.25,,4.83,20.0,31.0,119.0,4.25,7.07,11.5
Angelo Craig,LB,2008,CIN,0,Cincinnati,N,Bottom,76.0,252,9.5,33.38,,5.09,21.0,30.5,118.0,,,
Michael Okwo,LB,2007,CHI,0,Stanford,N,Bottom,71.38,232,10.13,33.0,,4.73,20.0,35.5,121.0,4.43,7.12,12.02
Dallas Sartz,LB,2007,WAS,0,USC,N,Bottom,76.88,235,9.0,33.5,,4.73,20.0,33.5,111.0,4.13,6.85,11.34
Rufus Alexander,LB,2007,MIN,0,Oklahoma,N,Bottom,72.88,228,9.0,33.75,,4.8,25.0,35.0,117.0,4.3,7.06,
Kelvin Smith,LB,2007,MIA,0,Syracuse,N,Bottom,74.0,240,8.75,32.0,,4.82,26.0,32.0,110.0,4.42,7.19,12.25
A.J. Hawk,LB,2006,GNB,0,Ohio State,N,Bottom,73.0,248,9.75,31.13,,4.64,24.0,40.0,115.0,3.96,6.82,11.06
Terna Nande,LB,2006,TEN,0,Miami (OH),N,Bottom,72.13,232,9.63,32.5,,4.55,41.0,39.0,124.0,4.11,6.97,11.37
A.J. Nicholson,LB,2006,CIN,0,Florida State,N,Bottom,72.75,252,10.88,32.13,,4.9,25.0,,116.0,4.43,7.37,12.4
Kevin Simon,LB,2006,WAS,0,Tennessee,N,Bottom,70.0,235,8.75,31.63,,4.93,26.0,28.0,103.0,4.32,7.69,12.58
Robert McCune,LB,2005,WAS,0,Louisville,N,Bottom,72.0,245,9.25,30.88,,4.51,34.0,,,,,
Kendyll Pope,LB,2004,IND,0,Florida State,N,Bottom,73.0,226,9.25,31.5,,4.71,,,118.0,4.26,,11.72
Richard Seigler,LB,2004,SFO,0,Oregon State,N,Bottom,74.3,244,8.88,30.75,,4.75,25.0,,,,,
E.J. Henderson,LB,2003,MIN,0,Maryland,N,Bottom,72.9,245,10.0,32.75,,4.8,20.0,,,,,
Keyon Whiteside,LB,2003,IND,0,Tennessee,N,Bottom,71.9,229,9.25,30.63,,4.74,27.0,29.0,111.0,4.33,7.3,12.18
Jeremiah Pharms,LB,2001,CLE,0,Washington,N,Bottom,72.5,257,9.5,32.0,,4.88,,32.5,106.0,4.53,7.37,11.9
Rick Crowell,LB,2001,MIA,0,Colorado State,N,Bottom,74.8,242,9.0,30.5,,5.0,19.0,31.5,109.0,4.35,7.54,12.34
Alex Lincoln,LB,2001,SFO,0,Auburn,N,Bottom,72.1,251,9.5,30.0,,4.79,22.0,35.0,111.0,,,
T.J. Turner,LB,2001,NWE,0,Michigan State,N,Bottom,74.6,273,9.5,32.25,,4.75,,,,,,
T.J. Slaughter,LB,2000,JAX,0,Southern Mississippi,N,Bottom,72.1,247,10.0,32.25,,4.91,24.0,30.0,112.0,4.26,7.08,12.15
Chris Jones,LB,1999,MIN,0,Clemson,N,Bottom,70.1,228,9.25,30.0,,4.72,21.0,24.5,106.0,4.48,7.64,12.22
Chad Kelsay,LB,1999,PIT,0,Nebraska,N,Bottom,74.5,254,9.63,32.0,,4.91,22.0,35.5,116.0,4.3,7.09,11.68
Jerry Jensen,LB,1998,CAR,0,Washington,N,Bottom,72.3,237,9.13,32.25,,4.8,22.0,31.5,106.0,4.22,7.52,11.94
Ron Merkerson,LB,1998,NWE,0,Colorado,N,Bottom,73.9,252,9.75,33.25,,4.86,22.0,32.5,110.0,4.35,7.64,11.88
Ron Rogers,LB,1998,BAL,0,Georgia Tech,N,Bottom,72.4,243,9.0,31.25,,,25.0,,,,,
Antwaune Ponds,LB,1998,WAS,0,Syracuse,N,Bottom,73.4,253,10.13,33.88,,,,,,,,
Chester Burnett,LB,1998,MIN,0,Arizona,N,Bottom,70.6,224,9.88,32.38,,4.66,26.0,33.5,114.0,4.41,7.82,11.51
Ronnie Ward,LB,1997,MIA,0,Kansas,N,Bottom,72.4,233,9.75,32.0,,,17.0,,,,,
Tim Scharf,LB,1997,NYJ,0,Northwestern,N,Bottom,73.3,236,9.5,31.0,,4.61,25.0,34.0,112.0,4.15,7.31,11.25
Jon Hesse,LB,1997,JAX,0,Nebraska,N,Bottom,75.9,249,9.0,33.5,,4.94,13.0,35.0,112.0,4.64,7.74,12.44
Eric Unverzagt,LB,1996,SEA,0,Wisconsin,N,Bottom,73.6,236,9.5,31.75,,4.83,22.0,30.0,112.0,4.4,,12.08
Dexter Daniels,LB,1996,BAL,0,Florida,N,Bottom,72.6,241,11.0,32.0,,4.8,22.0,34.0,112.0,4.58,,12.26
Jeremy Asher,LB,1996,WAS,0,Oregon,N,Bottom,72.6,235,9.25,32.13,,4.88,18.0,32.0,113.0,4.29,,11.95
Preston Harrison,LB,1995,SDG,0,Ohio State,N,Bottom,76.9,241,9.38,32.88,,4.73,,34.0,120.0,4.59,,12.31
Ken Brown,LB,1995,DEN,0,Virginia Tech,N,Bottom,73.5,235,9.88,34.13,,,13.0,34.5,115.0,,,
Linc Harden,LB,1995,DAL,0,Oklahoma State,N,Bottom,74.8,238,9.13,33.5,,4.75,15.0,34.5,119.0,4.4,,11.78
Phil Yeboah-Kodie,LB,1995,DEN,0,Penn State,N,Bottom,73.9,224,9.88,32.25,,4.71,18.0,33.0,116.0,4.56,,11.91
Antonio Armstrong,LB,1995,SFO,0,Texas A&M,N,Bottom,73.8,234,9.63,30.5,,,17.0,,,,,
Jamal Cox,LB,1995,CHI,0,Georgia Tech,N,Bottom,72.9,239,9.13,32.25,,4.9,20.0,29.0,109.0,,,
Steve Shine,LB,1994,CIN,0,Northwestern,N,Bottom,76.6,233,9.38,31.5,,4.76,18.0,34.0,120.0,4.12,,11.37
Mitch Davis,LB,1994,ATL,0,Georgia,N,Bottom,73.3,238,9.63,32.88,,4.81,15.0,27.0,103.0,4.44,,12.09
Tommy Thigpen,LB,1993,NYG,0,North Carolina,N,Bottom,73.8,242,9.5,32.38,,4.81,21.0,31.5,117.0,4.35,,11.45
Dave Hoffmann,LB,1993,CHI,0,Washington,N,Bottom,73.6,229,8.38,31.25,,4.99,24.0,28.5,108.0,4.43,,12.45
Marquise Thomas,LB,1993,IND,0,Mississippi,N,Bottom,75.0,251,10.38,34.0,,4.85,24.0,34.0,112.0,4.53,,13.05
Reggie Givens,LB,1993,DAL,0,Penn State,N,Bottom,71.6,217,8.75,31.38,,,15.0,,,,,
Howard Dinkins,LB,1992,ATL,0,Florida State,N,Bottom,73.0,221,9.25,31.0,,4.77,,31.5,121.0,,,
Kevin Little,LB,1992,SDG,0,North Carolina A&T,N,Bottom,74.5,251,10.5,33.88,,,20.0,29.5,115.0,,,
James Malone,LB,1992,TAM,0,UCLA,N,Bottom,74.0,234,10.25,32.38,,,,,,,,
Tim Paulk,LB,1992,ATL,0,Florida,N,Bottom,72.5,230,8.88,31.75,,4.76,20.0,,,,,
Elnardo Webster,LB,1992,PIT,0,Rutgers,N,Bottom,74.5,242,9.75,33.5,,5.06,13.0,30.0,103.0,4.34,,12.04
Ephesians Bartley,LB,1992,PHI,0,Florida,N,Bottom,74.5,213,9.5,33.25,,4.83,13.0,34.5,117.0,4.33,,11.99
Brian Townsend,LB,1992,RAM,0,Michigan,N,Bottom,75.3,235,9.0,33.0,,4.98,,30.0,110.0,4.2,,12.21
Mike Petko,LB,1992,NWE,0,Nebraska,N,Bottom,74.0,232,9.0,32.0,,4.85,,33.5,113.0,4.31,,11.95
Chris Wilson,LB,1992,CHI,0,Oklahoma,N,Bottom,72.4,227,9.13,32.63,,,12.0,,,,,
James Goode,LB,1991,ATL,0,Oklahoma,N,Bottom,74.0,246,9.38,33.5,,4.71,23.0,37.5,110.0,4.51,,11.89
Anthony Moss,LB,1991,NYG,0,Florida State,N,Bottom,75.6,233,9.5,32.0,,4.89,19.0,29.5,,4.32,,
Frank Blevins,LB,1991,GNB,0,Oklahoma,N,Bottom,76.3,223,9.63,33.5,,4.96,,30.5,114.0,4.73,,12.03
Andre Jones,LB,1991,PIT,0,Notre Dame,N,Bottom,74.9,213,11.13,33.0,,4.76,,28.0,110.0,4.24,,12.46
Pat Tyrance,LB,1991,RAM,0,Nebraska,N,Bottom,73.4,240,9.63,32.0,,4.89,24.0,31.5,117.0,4.37,,12.07
Dean Witkowski,LB,1991,GNB,0,North Dakota,N,Bottom,73.8,238,10.5,32.5,,4.9,20.0,32.0,114.0,4.21,,11.61
Rocen Keeton,LB,1991,NYJ,0,UCLA,N,Bottom,74.4,239,9.5,32.0,,4.89,17.0,29.5,107.0,4.77,,12.78
Scott Ross,LB,1991,NOR,0,USC,N,Bottom,73.0,234,9.0,30.5,,4.96,22.0,29.0,107.0,4.39,,12.2
Zeno Alexander,LB,1991,DET,0,Arizona,N,Bottom,72.4,225,9.13,32.5,,4.8,15.0,32.5,113.0,4.27,,12.22
Jeroy Robinson,LB,1990,DEN,0,Texas A&M,N,Bottom,73.4,238,10.25,31.0,,4.74,24.0,34.5,132.0,4.38,,11.86
Maurice Henry,LB,1990,DET,0,Kansas State,N,Bottom,72.1,228,9.13,31.25,,4.52,14.0,38.0,122.0,4.25,,11.5
Brad Quast,LB,1990,NYJ,0,Iowa,N,Bottom,72.5,241,9.88,30.25,,4.83,,30.0,117.0,4.39,,11.75
Ron Goetz,LB,1990,MIN,0,Minnesota,N,Bottom,74.9,236,8.75,31.75,,4.91,21.0,30.0,112.0,4.36,,12.91
Kerry Owens,LB,1989,CIN,0,Arkansas,N,Bottom,74.0,245,,,,4.88,17.0,32.5,105.0,4.44,,12.21
Greg Gilbert,LB,1989,CHI,0,Alabama,N,Bottom,73.8,216,,,,4.69,14.0,33.0,114.0,4.42,,12.03
Wes Pritchett,LB,1989,MIA,0,Notre Dame,N,Bottom,76.8,238,,,,5.06,23.0,29.5,99.0,4.58,,12.11
Derrick Little,LB,1989,TAM,0,South Carolina,N,Bottom,75.9,246,,,,5.08,,,,,,
Mark Messner,LB,1989,RAM,0,Michigan,N,Bottom,74.8,256,,,,5.24,11.0,23.0,94.0,4.63,,
Ron Sancho,LB,1989,KAN,0,LSU,N,Bottom,74.0,230,,,,4.95,18.0,31.0,108.0,4.62,,12.11
Eric Lindstrom,LB,1989,NWE,0,Boston College,N,Bottom,75.0,225,,,,4.75,21.0,27.0,106.0,4.59,,12.06
Kevin Hendrix,LB,1989,WAS,0,South Carolina,N,Bottom,74.4,266,,,,4.9,,28.5,96.0,4.81,,13.38
Adam Bob,LB,1989,NYJ,0,Texas A&M,N,Bottom,74.0,238,,,,5.01,16.0,28.5,102.0,4.43,,12.35
Eric Smith,LB,1989,NYG,0,UCLA,N,Bottom,75.4,240,,,,,16.0,,,,,
Marlon Brown,LB,1989,CLE,0,Memphis,N,Bottom,75.0,221,,,,4.79,14.0,35.5,115.0,4.3,,11.49
Darrell Reed,LB,1988,GNB,0,Oklahoma,N,Bottom,73.3,225,9.0,,,4.92,15.0,29.5,110.0,4.58,,11.86
Chris Gaines,LB,1988,PHO,0,Vanderbilt,N,Bottom,71.9,228,10.0,,,4.82,19.0,34.0,110.0,4.4,,11.94
Phillip Brown,LB,1988,ATL,0,Alabama,N,Bottom,73.9,230,8.25,,,4.64,19.0,34.0,115.0,4.37,,12.03
Tim Moore,LB,1988,PHO,0,Michigan State,N,Bottom,74.5,218,9.25,,,4.75,17.0,33.5,122.0,3.87,,11.4
Tom Erlandson,LB,1988,BUF,0,Washington,N,Bottom,73.6,221,9.25,,,4.82,,33.0,111.0,4.53,,12.36
James Earle,LB,1988,PIT,0,Clemson,N,Bottom,76.1,224,9.0,,,4.79,,29.0,108.0,4.84,,12.17
Onzy Elam,LB,1987,NYJ,0,Tennessee State,N,Bottom,73.8,216,9.0,30.75,,4.71,19.0,29.5,110.0,4.35,,11.88
